entity_a,entity_b,transaction_count
BROOKFIELD RESIDENTIAL TEXAS HOMES LLC,CARMA PROPERTIES WESTPORT LLC,240
LENDINGHOME FUNDING CORPORATION,PURCHASING FUND 2019-2 LLC,85
PURCHASING FUND 2019-1 LLC,TUSKER CAPITAL FUND LLC,68
AH4R PROPERTIES LLC,LGI HOMES-TEXAS LLC,62
PARK PLACE FINANCE LLC,TOORAK CAPITAL PARTNERS LLC,56
PARK PLACE FINANCE LLC,TOORAK CAPITAL PARTNERS LLC(+),50
PARK PLACE FINANCE INC,TOORAK CAPITAL PARTNERS LLC,50
GENESIS CAPITAL LLC,THADDEUS DREW ENTERPRISES LLC,50
AH4R PROPERTIES LLC,AMH TX PROPERTIES LP,45
AMERICAN HOMES 4 RENT PROPERTIES EIGHT LLC,AMH TX PROPERTIES LP,45
CHURCHILL FUNDING I LLC,HOUSEMAX FUNDING FUND I LLC,39
HP TEXAS I LLC,HPA TEXAS LENDING LLC,35
HP TEXAS I LLC(+),HPA TEXAS LENDING LLC,30
HOUSEMAX FUNDING LLC,TOORAK CAPITAL PARTNERS LLC,30
FEDERAL DEPOSIT INSURANCE CORPORATION,LNV CORPORATION,26
AH4R PROPERTIES LLC(+),AMH TX PROPERTIES LP,25
LENDINGHOME FUNDING CORPORATION,WOLFE CAPITAL INVESTMENTS LLC,25
PARK PLACE FINANCE INC(+),TOORAK CAPITAL PARTNERS LLC,25
PARK PLACE FINANCE INC(+),PARK PLACE FINANCE LLC,24
KENSINGTON PEAVY LLC,KIAVI FUNDING INC,22
HOUSEMAX FUNDING FUND I LLC,WILMINGTON SAVINGS FUND SOCIETY,22
ANCHOR LOANS LP,ANCHOR-HB LLC,20
PACIFIC LIFE INSURANCE COMPANY,PARK PLACE FINANCE LLC(+),19
AH4R PROPERTIES LLC,LENNAR HOMES OF TEXAS SALES AND MARKETING LTD,18
AMERICAN HOMES 4 RENT PROPERTIES TWO LLC(+),AMH TX PROPERTIES LP,18
HPA BORROWER 2018-1 MS LLC,HPA TEXAS LENDING LLC,18
MERCHANTS FUNDING LLC,TOORAK CAPITAL PARTNERS LLC,18
AMERICAN HOMES 4 RENT PROPERTIES ONE LLC,AMH TX PROPERTIES LP,15
ANCHOR ASSETS XVIII LLC,ANCHOR LOANS LP,14
KENSINGTON PEAVY LLC,LENDINGHOME FUNDING CORPORATION,13
ANCHOR LOANS LP,DOORS DEVELOPMENT GOLD LLC,13
AMH ADDISON DEVELOPMENT LLC,AMH TX PROPERTIES LP,12
DOWNUNDER MANAGEMENT LLC,LENDINGHOME FUNDING CORPORATION,12
PURCHASING FUND 2025-4 LLC,TUSKER CAPITAL FUND LLC,12
ANCHOR LOANS LP,RESIDENTIAL INVESTMENT TRUST IV,12
LNV CORPORATION,MORTGAGE ELECTRONIC REGISTRATION SYSTEMS INC,11
LENDINGHOME FUNDING CORPORATION,PURCHASING FUND 2019-2 LLC(+),11
FRESH REMODELS LLC,KIAVI FUNDING INC,11
R AND R AUSTIN INVESTMENTS LLC,TUSKER CAPITAL FUND LLC,11
GENESIS CAPITAL LLC,OFFERPAD SPV BORROWER G LLC,11
PARK PLACE FINANCE LLC,RESOLUTE QUARTERS LLC,11
AH4R I TX LLC(+),AMH TX PROPERTIES LP,10
HOMEWARD PROPERTIES LLC,PURCHASING FUND 2019-2 LLC,10
TOORAK CAPITAL PARTNERS LLC,TVC FUNDING III LLC,10
BODHI HOLDINGS LLC,HOUSEMAX FUNDING FUND I LLC,10
ANCHOR LOANS LP(+),ANCHOR-HB LLC,10
AMERICAN HOMES 4 RENT PROPERTIES EIGHT LLC,AMH 2014-2 BORROWER LLC,9
HPA US1 LLC,HPA US1 TEXAS LENDING LLC,9
RCN CAPITAL LLC,TOORAK CAPITAL PARTNERS LLC,9
ANCHOR LOANS LP,EQUITY CASH OFFER LLC,9
AMH 2014-1 BORROWER LLC,AMH TX PROPERTIES LP,8
LENDINGHOME FUNDING CORPORATION,REAL EQUITY TX LLC,8
DOWNUNDER MANAGEMENT LLC,KIAVI FUNDING INC,8
EF MORTGAGE LLC,PARK PLACE FINANCE LLC(+),8
ANCHOR ASSETS XVII LLC,ANCHOR LOANS LP,8
ANCHOR LOANS LP,HOMEROCK LLC,8
AH4R PROPERTIES LLC,AMERICAN HOMES 4 RENT TRS LLC,7
NOLAN SA INVESTMENTS LLC,TUSKER CAPITAL FUND LLC,7
GENESIS CAPITAL LLC,VELASCO GROUP INC,7
HOLLOW CREEK CONDOS LLC,HOUSEMAX FUNDING FUND I LLC,7
RCN CAPITAL FUNDING LLC,ZION ENTERPRISES LLC,7
HOMEWARD PROPERTIES LLC,PURCHASING FUND 2019-3 LLC,7
AMERICAN RESIDENTIAL LEASING COMPANY LLC,AMH TX PROPERTIES LP,6
AH4R GP LLC(+),SFR JV-2 PROPERTY LLC,6
AMERICAN HOMES 4 RENT PROPERTIES EIGHT LLC,KAISER PROPERTIES BLUE LLC,6
AMERICAN HOMES 4 RENT PROPERTIES ONE LLC,UCS RESTORATION LLC,6
MERITAGE HOMES OF TEXAS LLC,SFR JV-HD PROPERTY LLC,6
STARWOOD WAYPOINT TRS LLC,TARBERT LLC,6
BAYVIEW LOAN SERVICING LLC,PRETIUM MORTGAGE CREDIT PARTNERS I LOAN ACQUISITION LP,6
HPA BORROWER 2016-2 LLC,HPA TEXAS LENDING LLC,6
HP TEXAS I LLC,HPA TEXAS SUB 2018-1 MS LLC,6
HP TEXAS I LLC,HPA BORROWER 2019-2 LLC,6
ANCHOR LOANS LP,PURCHASING FUND 2019-2 LLC,6
GENESIS CAPITAL LLC,ORCHARD PROPERTY I LLC,6
SOUTHWAY CONDOMINIUMS LLC,TOORAK CAPITAL PARTNERS(+),6
COMMERCIAL LENDER LLC,TOORAK CAPITAL PARTNERS LLC,6
BEACH PARK PARTNERS LLC,TOORAK CAPITAL PARTNERS LLC,6
PARK PLACE FIANCNE INC,TOORAK CAPITAL PARTNERS LLC,6
TOORAK CAPITAL PARTNERS LLC,US BANK TRUST,6
LONESTAR CAPITAL HOLDINGS LLC,TOORAK CAPITAL PARTNERS LLC,6
NU WAVE PROPERTY MANAGEMENT LLC,TOORAK CAPITAL PARTNERS LLC(+),6
HAMMER HOMES LLC,TOORAK CAPITAL PARTNERS LLC(+),6
LENDINGHOME FUNDING CORPORATION,OTOMI REMODELING LLC,6
LENDINGHOME FUNDING CORPORATION,MARELI PROPERTIES LLC,6
KIAVI FUNDING INC,REVIVE ATX LLC,6
GOLDEN KIWI GROUP LLC,KIAVI FUNDING INC,6
KIAVI FUNDING INC,KITB HOLDINGS LLC,6
HAWKSHEAD HOLDINGS LLC,KIAVI FUNDING INC,6
TUSKER CAPITAL FUND LLC,ZDS PROPERTIES INC,6
TAYTON INVESTMENTS LLC,TUSKER CAPITAL FUND LLC,6
GENESIS CAPITAL LLC,SPRINKLE CUTOFF HOLDINGS LLC,6
BNSBW LLC,HOUSEMAX FUNDING FUND I LLC,6
HOUSEMAX FUNDING FUND I LLC,MCCARLEYS LLC,6
ATX LUXURY BUILDERS LLC,HOUSEMAX FUNDING FUND I LLC,6
ANCHOR LOANS LP,OFFER HUB LLC,6
CANAAN LOS LLC,DOMINION FINANCIAL SERVICES LLC,6
A&S LENDING LLC,MERCHANTS FUNDING LLC,6
AMERICAN HOMES 4 RENT TRS LLC,AMH 2014-1 BORROWER LLC,5
AMH 2015-2 BORROWER LP,AMH TX PROPERTIES LP,5
MAIN STREET RENEWAL LLC(+),RH PARTNERS OWNERCO LLC,5
PRETIUM MORTGAGE ACQUISITION TRUST(+),PRETIUM MORTGAGE CREDIT PARTNERS I LOAN ACQUISITION LP,5
SFR JV-2 PROPERTY LLC,ZILLOW HOMES PROPERTY TRUST,5
ADDISON MASTER COMMUNITY INC,CARMA PROPERTIES WESTPORT LLC,5
J & E MILLER FAMILY LIMITED PARTNERSHIP,LNV CORPORATION,5
CITIGROUP GLOBAL MARKETS REALTY CORP,LNV CORPORATION,5
LNV CORPORATION,RESIDENTIAL FUNDING COMPANY LLC,5
SFR JV-2 PROPERTY LLC,ZILLOW HOMES PROPERTY TRUST(+),5
DOORS DEVELOPMENT GOLD LLC,LENDINGHOME FUNDING CORPORATION,5
KIAVI FUNDING INC,MARKET PROPERTIES LP,5
ARSENAL PROPERTY STRATEGIES LLC,KIAVI FUNDING INC,5
1208 S 5TH ST LLC,GENESIS CAPITAL LLC,5
HOUSEMAX FUNDING FUND I LLC,PRECISE CUSTOM HOMES INC,5
HOUSEMAX FUNDING FUND I LLC,PACIFIC RBLF FUNDING TRUST,5
AUSTIN PRECISE HOMES LLC,HOUSEMAX FUNDING FUND I LLC,5
ANCHOR ASSETS II LLC,ANCHOR LOANS LP,5
AMH 2014-2 BORROWER LP,AMH TX PROPERTIES LP,4
AMH TX PROPERTIES LP,ARP 2014-1 BORROWER LLC,4
AH4R I TX DFW LLC,AH4R I TX LLC,4
AH4R PROPERTIES LLC(+),"AMH TX PROPERTIES, LP",4
AH4R PROPERTIES LLC,PRESIDENTIAL GLEN MASTER COMMUNITY INC,4
AMERICAN HOMES 4 RENT PROPERTIES ONE LLC,SHADOWGLEN RESIDENTIAL PROPERTY OWNERS ASSOCIATION INC,4
DLJ MORTGAGE CAPITAL INC,PRETIUM MORTGAGE ACQUISITION TRUST(+),4
NWL COMPANY LLC,PRETIUM MORTGAGE ACQUISITION TRUST(+),4
HP TEXAS I LLC,HPA TEXAS SUB 2016-2 LLC,4
HPA BORROWER 2019-2 LLC,WILMINGTON TRUST,4
HPA BORROWER 2019-2 LLC,SFR ACQUISITIONS 4 LLC,4
GERLICH HOMES INC,KAISER PROPERTIES BLUE LLC,4
LNV CORPORATION,TODD CHARTER SERVICE INC,4
GREEN TREE HE/HI BORROWER LLC,LNV CORPORATION,4
HPA US1 LLC,WILMINGTON TRUST,4
LENDINGHOME FUNDING CORPORATION,PURCHASING FUND 2019 -2 LLC,4
COLCAP HOLDINGS LLC,TOORAK CAPITAL PARTNERS(+),4
ACCELERATED FUNDING LLC,TOORAK CAPITAL PARTNERS LLC,4
MCDANIEL RESIDENTIAL LLC,TOORAK CAPITAL PARTNERS LLC,4
MERCHANTS NE LLC,TOORAK CAPITAL PARTNERS LLC,4
MENEHUNE MADNESS LLC,TOORAK CAPITAL PARTNERS LLC(+),4
LENDINGONE LLC,TOORAK CAPITAL PARTNERS LLC,4
SOLTANI SYNDICATE GROUP LLC,TOORAK CAPITAL PARTNERS LLC,4
TOORAK CAPITAL PARTNERS LLC(+),VIDA MODERNA LLC,4
SOUTHWAY CONDOMINIUMS LLC,TOORAK CAPITAL PARTNERS LLC(+),4
KENSINGTON PEAVY LLC,TOORAK CAPITAL PARTNERS LLC(+),4
DEAM PROPERTIES LLC,TOORAK CAPITAL PARTNERS LLC,4
LENDINGHOME FUNDING CORPORATION,PMWW HOMES LLC,4
COLCAP HOLDINGS LLC,LENDINGHOME FUNDING CORPORATION,4
ALFAR CAM LLC,LENDINGHOME FUNDING CORPORATION,4
LENDINGHOME FUNDING CORPORATION(+),WOLFE CAPITAL INVESTMENTS LLC,4
LENDINGHOME FUNDING CORPORATION,LONESTAR CAPITAL HOLDINGS LLC,4
LENDINGHOME FUNDING CORPORATION,NATIONWIDE T & L HOLDINGS LLC,4
HOMEWARD PROPERTIES LLC,LENDINGHOME FUNDING CORPORATION,4
KIAVI FUNDING INC,OPEN BOOK REAL ESTATE LLC,4
KIAVI FUNDING INC,TLC CASAS CONSTRUCTION LLC,4
KIAVI FUNDING INC(+),KIAVI PROPERTIES LLC,4
KIAVI FUNDING INC,PROPERTIES 88 LLC,4
BLJ INVESTORS LLC,KIAVI FUNDING INC,4
BAT CITY FINANCIAL LLC,KIAVI FUNDING INC,4
ACED CONSTRUCTION LLC,TUSKER CAPITAL FUND LLC,4
MELRIDGE LLC,TUSKER CAPITAL FUND LLC,4
PURCHASING FUND 2019-1 LLC,TUSKER CAPITAL FUND LLC(+),4
NORTH OAKS CAPITAL LLC,TUSKER CAPITAL FUND LLC,4
107 BLUERIDGE LLC,TUSKER CAPITAL FUND LLC,4
TUSKER CAPITAL FUND LLC,WESNIC PROPERTIES LLC,4
SHACKELL PROPERTIES LLC,TUSKER CAPITAL FUND LLC,4
GENESIS CAPITAL LLC,REVIVE OFFERS LLC,4
ANH CRESTWOOD LLC,GENESIS CAPITAL LLC,4
GENESIS CAPITAL PARTNERS XIV LTD,SCOFIELD RANCH APARTMENT HOMES LP,4
ATX PRO BUILDERS LLC,HOUSEMAX FUNDING FUND I LLC,4
ALBURY COVE CONDOS LLC,HOUSEMAX FUNDING FUND I LLC,4
MAMS RTL TRUST,PARK PLACE FINANCE LLC(+),4
RCN CAPITAL LLC,RF REAL ESTATE INVESTMENTS LLC,4
NORMANDY CAPITAL TRUST,RCN CAPITAL LLC,4
ANCHOR LOANS LP,ARK HOME 9 LLC,4
ANCHOR LOANS LP,RESIDENTIAL INVESTMENT TRUST V,4
ANCHOR ASSETS X LLC,ANCHOR LOANS LP,4
DOMINION FINANCIAL SERVICES LLC,EVERLASTING PROPERTIES LLC,4
DOMINION FINANCIAL SERVICES LLC,SPUR INTERESTS LTD,4
DOMINION FINANCIAL SERVICES LLC,TEXAS CAPITOL LLC,4
MERCHANTS FUNDING LLC(+),TOORAK CAPITAL PARTNERS LLC,4
MERCHANTS FUNDING LLC,MMRC LLC,4
MACDEN LP,MERCHANTS FUNDING LLC,4
MERCHANTS FUNDING LLC,MMTC PORTFOLIO COMPANY LLC,4
MERCHANTS FUNDING LLC,PHILIP LOADHOLT LLC,4
AH4R I TX LLC,AMH 2014-1 BORROWER LLC,3
AH4R PROPERTIES LLC,AMH 2014-2 BORROWER LP,3
AMERICAN HOMES 4 RENT PROPERTIES TWO LLC,AMH 2015-1 BORROWER LLC,3
AMERICAN HOMES 4 RENT PROPERTIES EIGHT LLC,AMH 2015-1 BORROWER LLC,3
AH4R PROPERTIES TWO LLC,AMH TX PROPERTIES LP,3
AMH TX PROPERTIES LP(+),SFR JV-2 PROPERTY LLC,3
AMH ROMAN TWO TX LLC,AMH TX PROPERTIES LP,3
AMERICAN HOMES 4 RENT PROPERTIES EIGHT LLC,AMERICAN HOMES 4 RENT PROPERTIES TWO LLC,3
3105 ETHEREDGE LLC,AMERICAN HOMES 4 RENT PROPERTIES EIGHT LLC,3
AH4R-TX 11 LLC,AMERICAN HOMES 4 RENT PROPERTIES ONE LLC,3
AMERICAN HOMES 4 RENT PROPERTIES TWO LLC,AMERICAN HOMES 4 RENT TRS LLC,3
PROGRESS AUSTIN LLC,PROGRESS RESIDENTIAL BORROWER 18 LLC,3
PROGRESS AUSTIN LLC,PROGRESS RESIDENTIAL BORROWER 19 LLC,3
PROGRESS RESIDENTIAL BORROWER 20 LLC,SFR INVESTMENTS V BORROWER 1 LLC,3
CRP/ARGYLE GUTHRIE OWNER LP,GUTHRIE PROPERTY OWNER LP,3
PRETIUM MORTGAGE ACQUISTION TRUST(+),PRETIUM MORTGAGE CREDIT PARTNERS I LOAN ACQUISITION LP,3
HPA JV BORROWER 2019-1 ML LLC,HPA TEXAS LENDING LLC,3
HPA BORROWER 2017-1 ML LLC,HPA TEXAS LENDING LLC,3
HPA BORROWER 2017-1 LLC,HPA TEXAS LENDING LLC,3
HPA BORROWER 2015-2 ML LLC,HPA TEXAS LENDING LLC,3
ELIZON LA 2007-2 LLC,LNV CORPORATION,3
AMHERST HOLDINGS(+),KOETTER FIRE PROTECTION OF AUSTIN LLC,3
HP TEXAS I LLC(+),METROPOLITAN LIFE INSURANCE COMPANY,3
CBPIC TX OWNER I LLC,ZILLOW HOMES PROPERTY TRUST,3
HOUSEMAX FUNDING FUND I LLC,TOORAK CAPITAL PARTNERS 1IC,3
HOUSEMAX FUNDING FUND I LLC,TOORAK CAPITAL PARTNERS LLC,3
CALCAP LENDING LLC,TOORAK CAPITAL PARTNERS LLC,3
DOMINION FINANCIAL SERVICES LLC,TOORAK CAPITAL PARTNERS LLC,3
123 INVESTMENT LLC,LENDINGHOME FUNDING CORPORATION(+),3
LENDINGHOME FUNDING CORPORATION,THETA HOMES LLC,3
AUDACIOUS LIVING LLC,LENDINGHOME FUNDING CORPORATION,3
LENDINGHOME FUNDING CORPORATION,MARKET PROPERTIES LP,3
KIAVI FUNDING INC,SALT SOLUTION LLC,3
BEYOND DREAM HOMES LLC,KIAVI FUNDING INC,3
CZSR LLC,KIAVI FUNDING INC,3
KIAVI FUNDING INC,RICHMOND LAMBETH LLC - SERIES WESTGATE TWO,3
SID IN AUSTIN LLC,TUSKER CAPITAL FUND LLC,3
D SAUCEDO PROPERTIES LLC,TUSKER CAPITAL FUND LLC,3
HOUSE OF COLON LLC,TUSKER CAPITAL FUND LLC,3
R AND R INVESTMENTS LLC,TUSKER CAPITAL FUND LLC,3
GENESIS CAPITAL LLC,SPRINKLE CUTOFF HOLDINGS II LLC,3
GENESIS CAPITAL LLC,NORTHPOINT HOMES OF DELAWARE LLC,3
AMNE AUSTIN REALTY LLC-SERIES G,GENESIS CAPITAL MASTER FUND II LLC,3
HOUSEMAX FUNDING FUND I LLC(+),LION REO TX LLC,3
COWBOYFORNIA LLC,HOUSEMAX FUNDING FUND I LLC,3
CHURCHILL FUNDING I LLC,HOUSEMAX FUNDING FUND I LLC(+),3
HOUSEMAX FUNDING FUND I LLC,MIDNIGHT DEVELOPMENT LLC,3
HOUSEMAX FUNDING FUND I LLC,SALUDA GRADE MORTGAGE FUNDING LLC,3
HOUSEMAX FUNDING FUND I LLC,REJUVE GROUP LLC,3
11905 BUCKINGHAM LLC,PARK PLACE FINANCE LLC,3
MTWB LLC,PARK PLACE FINANCE LLC,3
BIG CASTLE LLC,PARK PLACE FINANCE LLC,3
PACIFIC LIFE INSURANCE COMPANY,PARK PLACE FINANCE LLC,3
JHENS LLC,PARK PLACE FINANCE LLC,3
7 GENERATION REAL ESTATE LLC,PARK PLACE FINANCE LLC,3
ON PURPOSE PROPERTY INVESTMENTS LLC,PARK PLACE FINANCE LLC,3
PARK PLACE FINANCE LLC,RESOLUTE ARCHES LLC,3
PARK PLACE FINANCE LLC(+),PARK PLACE REAL ESTATE FUND LLC,3
PARK PLACE FINANCE LLC(+),PARK PLACE REO LLC,3
PARK PLACE FINANCE LLC,TEXAS RENTAL HOLDINGS LLC,3
ANCHOR LOANS LP,TEXTILE VENTURES LLC,3
ANCHOR LOANS LP(+),US BANK TRUST,3
ANCHOR LOANS LP,ARK HOME 5 LLC,3
ANCHOR ASSETS IV LLC,ANCHOR LOANS LP,3
DOMINION FINANCIAL SERVICES 4 LLC,DOMINION FINANCIAL SERVICES LLC,3
DOMINION FINANCIAL SERVICES LLC,WELLING INVESTMENTS INC,3
MERCHANTS FUNDING LLC,PLAYA SONANDO INC,3
MERCHANTS FUNDING LLC,TOORAK REPO SELLER I TRUST LLC,3
AMH 2014-1 BORROWER LLC,PRESIDENTIAL MEADOWS OWNERS ASSOCIATION INC,2
AH4R-TX 11 LLC,AMH 2014-1 BORROWER LLC,2
AMH 2014-2 BORROWER GP LLC(+),AMH TX PROPERTIES LP,2
AMH 2014-2 BORROWER LLC,GOLDMAN SACHS MORTGAGE COMPANY,2
AMH 2015-1 BORROWER GP LLC(+),AMH TX PROPERTIES LP,2
AMH 2015-1 BORROWER LP,AMH TX PROPERTIES LP,2
AMERICAN HOMES 4 RENT PROPERTIES LLC,AMH TX PROPERTIES LP,2
AH4R PROPERTIES LLC,"AMH TX PROPERTIES, LP",2
AMERICAN HOMES 4 RENT LTRS LLC,AMH ADDISON DEVELOPMENT LLC,2
AMH ADDISON DEVELOPMENT LLC,CARMA PROPERTIES WESTPORT LLC,2
"AH4R 1 TX DFW, LLC(+)",AH4R I TX LLC,2
AH4R GP LLC(+),AH4R PROPERTIES TWO LLC,2
AH4R GP LLC(+),BELONG AUTOMOTIVE TECHNOLOGY LLC,2
AH4R GP LLC(+),CTX RENOVATE LLC,2
AH4R GP LLC(+),AMERICAN HOMES 4 RENT TRS LLC,2
AH4R GP LLC(+),NGR PROPERTIES LLC,2
AH4R GP LLC(+),KENSINGTON PEAVY LLC,2
AH4R I TX LLC,BROOKFIELD OWNERS ASSOCIATION INC,2
AH4R I TX LLC,MATHESON LAW PARTNERS PLLC,2
AH4R PROPERTIES LLC,LENNAR HORNES OF TEXAS SALES AND MARKETING LTD,2
AH4R PROPERTIES LLC(+),LGI HOMES-TEXAS LLC,2
AMERICAN HOMES 4 RENT LLC(+),TEXAS LAD'S LLC,2
AMERICAN HOMES 4 RENT PROPERTIES EIGHT LLC,HORNSBY GLEN OWNERS ASSOCIATION INC,2
AMERICAN HOMES 4 RENT PROPERTIES EIGHT LLC(+),"AMH 2015-2 BORROWER, LP",2
AMERICAN HOMES 4 RENT PROPERTIES EIGHT LLC,"AMH 2014-2 BORROWER, LP",2
AMERICAN HOMES 4 RENT PROPERTIES EIGHT LLC,AMERICAN HOMES 4 RENT PROPERTIES EIGHT LLC,2
AMERICAN HOMES 4 RENT PROPERTIES EIGHT LLC,AMH 2015-2 BORROWER LLC,2
AMERICAN HOMES 4 RENT PROPERTIES II LLC(+),AMERICAN HOMES 4 RENT PROPERTIES TWO LLC,2
AMERICAN HOMES 4 RENT PROPERTIES ONE LLC,AMH 2015-2 BORROWER LP,2
AMERICAN HOMES 4 RENT PROPERTIES ONE LLC,CROSSING AT ONION CREEK SECTION FIVE HOMEOWNERS ASSOCIATION INC,2
AMERICAN HOMES 4 RENT PROPERTIES ONE LLC,CROSSING AT ONION CREEK SECTION FIVE OWNERS ASSOCIATION INC,2
AMERICAN HOMES 4 RENT PROPERTIES TWO LLC(+),"AMH TX PROPERTIES, LP",2
AMERICAN HOMES 4 RENT PROPERTIES TWO LLC,AMH 2015-2 BORROWER LLC,2
AMERICAN HOMES 4 RENT PROPERTIES TWO LLC,MATHESON LAW PARTNERS PLLC,2
AMERICAN HOMES 4 RENT PROPERTIES TWO LLC,LNV CORPORATION,2
AMERICAN HOMES 4 RENT TRS LLC,TEXAS CAPITOL LLC,2
AMERICAN HOMES 4 RENT TRS LLC,AMH 2014-2 BORROWER LP,2
AMERICAN HOMES 4 RENT TRS LLC,AMH TX PROPERTIES LP,2
GERMAN AMERICAN CAPITAL CORPORATION,PROGRESS RESIDENTIAL BORROWER 20 LLC,2
GOLDMAN SACHS MORTGAGE COMPANY,PROGRESS RESIDENTIAL BORROWER 23 LLC,2
MERITAGE HOMES OF TEXAS LLC,PROGRESS AUSTIN LLC,2
PROGRESS AUSTIN LLC,REDFINNOW BORROWER LLC,2
COPPERSTONE CONDOMINIUM COMMUNITY INC,SFR JV-HD PROPERTY LLC,2
MAIN STREET RENEWAL LLC(+),"RH PARTNERS OWNERCO, LLC",2
AMERICAN RESIDENTIAL LEASING COMPANY LLC,ARP 2014-1 BORROWER LLC,2
MORGAN STANLEY MORTGAGE CAPITAL HOLDINGS LLC,PRETIUM MORTGAGE ACQUISITION TRUST(+),2
DLJ MORTGAGE CAPITAL INC,PRETIUM MORTGAGE ACQUISTION TRUST(+),2
NWL COMPANY LLC,PRETIUM MORTGAGE ACQUISTION TRUST(+),2
JP MORGAN MORTGAGE ACQUISITION CORP,PRETIUM MORTGAGE CREDIT PARTNERS 1 TRS SPONSOR LLC,2
MORTGAGE ELECTRONIC REGISTRATION SYSTEMS INC,PRETIUM MORTGAGE CREDIT PARTNERS I TRS SPONSOR LLC,2
AMH TX PROPERTIES LP,SFR JV-2 PROPERTY LLC,2
HPA TEXAS LENDING LLC(+),SFR BORROWER 2022-1 LLC,2
GP TEXAS I LLC,HPA TEXAS LENDING LLC,2
HPA TEXAS LENDING LLC,SPA BORROW 2016-1 LLC,2
HPA TEXAS LENDING LLC,SER TEXAS LLC,2
HP TEXAS I LLC,HPA TEXAS SUB 2016-1 LLC,2
HPA BORROWER 2019-2 LLC,HPA TEXAS SUB 2016-2 LLC(+),2
HPA TEXAS SUB 2016-2 ML LLC(+),SFR ACQUISITIONS 6 LLC,2
HP TEXAS I LLC,HPA TEXAS SUB 2016-2 ML LLC,2
HPA TEXAS SUB 2017-1 LLC(+),SFR ACQUISITIONS 6 LLC,2
HP TEXAS I LLC,HPA TEXAS SUB 2017-1 LLC,2
HP TEXAS I LLC,HPA TEXAS SUB 2017-1 ML LLC,2
HP TEXAS I LLC,HPA TEXAS SUB 2018-1 LLC,2
HP TEXAS I LLC,HPA TEXAS SUB 2018-MS LLC,2
HPA BORROWER 2016-1 LLC(+),SFR ACQUISITIONS 6 LLC,2
HPA BORROWER 2016-1 LLC,WILMINGTON SAVINGS FUND SOCIETY,2
HP TEXAS I LLC,HPA BORROWER 2018-1 MS LLC,2
HP TEXAS I LLC,HPA BORROWER 2020-2 ML LLC,2
HOME PARTNERS OF AMERICA 2017-1 TRUST SINGLE-FAMILY RENTAL PASS-THROUGH CERTIFICATES(+),HP TEXAS I LLC,2
HOME PARTNERS OF AMERICA A NEW PATH TO HOMEOWNERSHIP,HOME PARTNERS REALTY TEXAS LLC,2
CRP/ARGYLE GUTHRIE GP LLC(+),GUTHRIE PROPERTY OWNER LP,2
CRP/ARGYLE GUTHRIE GP LLC(+),GUTHRIE GROVE LLC,2
CERBERUS BUSINESS FINANCE LLC,COMMEMORATIVE BRANDS INC,2
CHAWLA SHANKARA LLC,REDFINNOW BORROWER LLC,2
RDFN VENTURES INC,REDFINNOW BORROWER LLC,2
NAJH PROPERTIES LLC,REDFINNOW BORROWER LLC,2
ADDISON COMMERCIAL LTD,CARMA PROPERTIES WESTPORT LLC,2
HOME OPTION CAPITAL FUND I LLC,KAISER PROPERTIES BLUE LLC,2
EHY LLC,KAISER PROPERTIES BLUE LLC,2
SFR INVESTMENTS V BORROWER 1 LLC,ZILLOW HOMES PROPERTY TRUST,2
LNV CORPORATION,STASSNEY OFFICE CONDOS LLC,2
ELLINGTON MORTGAGE PARTNERS LP,LNV CORPORATION,2
LNV CORPORATION INC,MORTGAGE ELECTRONIC REGISTRATION SYSTEMS INC,2
HPA JV BORROWER 2019-1 ATH LLC,HPA US1 TEXAS LENDING LLC,2
HPA JV TEXAS SUBD 2019-1 ATH LLC HPA JV TEXAS,HPA US1 LLC,2
HP TEXAS I LLC,HPA JV TEXAS SUBSIDIARY 2019-1 ML LLC,2
HPA US1 LLC,HPA USA1 TEXAS LENDING LLC,2
HPA II BORROWER 2021-1 LLC,HPA US1 TEXAS LENDING LLC,2
HPA II BORROWER 2020-1 LLC,HPA US1 TEXAS LENDING LLC,2
HPA II BORROWER 2020-1 ML LLC,HPA US1 TEXAS LENDING LLC,2
HPA II BORROWER 2020-1 GA LLC,HPA US1 TEXAS LENDING LLC,2
HPA II BORROWER 2019-1 LLC,HPA US1 TEXAS LENDING LLC,2
HP TEXAS I LLC,WILMINGTON TRUST,2
HP TEXAS I LLC(+),WILIMINGTON TRUST,2
HP TEXAS I LLC(+),TEAL CUSTOM HOMES LLC,2
HP TEXAS I LLC,SER TEXAS LLC,2
OHOA INC,SFR ACQUISITIONS 6 LLC,2
SFR ACQUISITIONS 6 LLC,SFR BORROWER 2021-2 LLC,2
SFR ACQUISITIONS 6 LLC,SFR BORROWER 2021-2 LLC(+),2
SFR II BORROWER 2021-3 LLC,SFR II TEXAS SUB 2021-3 LLC,2
SFR II BORROWER 2021-3 LLC,WILMINGTON TRUST,2
LENDINGHOME FUNDING CORPORATION,PURCHASING FUND 2019 - 2 LLC(+),2
ANCHOR LOANS LP,PURCHASING FUND 2019-2,2
LENDING HOME FUNDING CORPORATION,PURCHASING FUND 2019-2 LLC,2
PURCHASING FUND 2019-3,QUANTA FINANCE LLC,2
OPENDOOR PROPERTY TRUST I,ZILLOW HOMES PROPERTY TRUST(+),2
INTHRAGAMHANG 2012 TRUST,ZILLOW HOMES PROPERTY TRUST,2
ORCHARD PROPERTY II LLC,PRESIDENTIAL GLEN MASTER COMMUNITY INC,2
NATIONAL FOUNDERS LP,ORCHARD PROPERTY II LLC(+),2
HOME OPTION CAPITAL FUND I LLC,HOMEOWNERS ASSOCIATION OF WILDHORSE CREEK SUBDIVISION INC,2
GREEN TREE FINANCIAL SERVICING CORPORATION,GREEN TREE HE/HI BORROWER LLC,2
MODERN REMEDY HOMES LLC,TOORAK CAPITAL PARTNERS(+),2
EXCLUSIVE HOMES AND INVESTMENTS LLC,TOORAK CAPITAL PARTNERS(+),2
FIVE POINT REALTY MANAGEMENT LLC,TOORAK CAPITAL PARTNERS(+),2
LDWN LLC,TOORAK CAPITAL PARTNERS(+),2
HOUNDSTOOTH CAPITAL REAL ESTATE I LLC,TOORAK CAPITAL PARTNERS(+),2
DEEP IN THE HEART OF TEXAS PROPERTIES LLC,TOORAK CAPITAL PARTNERS(+),2
DAGWOOD PROJECTS LLC,TOORAK CAPITAL PARTNERS LLC,2
TOORAK CAPITAL PARTNERS LLC(+),WASSBECK PROPERTIES LLC,2
TOORAK CAPITAL PARTNERS LLC,VALIANT HOLDINGS LLC,2
MILLER HIRKO MANAGMENT LLC,TOORAK CAPITAL PARTNERS LLC,2
MIS BUILDERS LLC,TOORAK CAPITAL PARTNERS LLC,2
HILL COUNTRY HOME AND DESIGN LLC,TOORAK CAPITAL PARTNERS LLC,2
TOORAK CAPITAL PARTNERS LLC(+),TOORAK REAL ESTATE HOLDINGS V LLC,2
ARC REACTOR HOLDINGS-MARK I LLC,TOORAK CAPITAL PARTNERS LLC,2
BROFORCE INVESTMENTS LLC,TOORAK CAPITAL PARTNERS LLC,2
HOUSEVANTAGE GROUP LLC,TOORAK CAPITAL PARTNERS LLC,2
MJE HOLDINGS LLC,TOORAK CAPITAL PARTNERS LLC,2
HIS CAPITAL FUNDING CORP,TOORAK CAPITAL PARTNERS LLC,2
TOORAK CAPITAL PARTNERS LLC,TX RE OPPORTUNITY 0508 LLC,2
CREATORS IV LLC,TOORAK CAPITAL PARTNERS LLC,2
ROSEY VISION INC,TOORAK CAPITAL PARTNERS LLC(+),2
AQUILA PROPERTY PARTNERS LLC,TOORAK CAPITAL PARTNERS LLC(+),2
DIRECT FUNDING RESOURCE LLC,TOORAK CAPITAL PARTNERS LLC,2
AMPLIFIED INVESTMENT PARTNERS LLC,TOORAK CAPITAL PARTNERS LLC(+),2
TOLESOAZ CORP,TOORAK CAPITAL PARTNERS LLC,2
NORMANDY CAPITAL TRUST SERIES 2022-Q2,TOORAK CAPITAL PARTNERS LLC(+),2
TOORAK CAPITAL PARTNERS LLC,TX RE OPPORTUNITY 0629 LLC,2
GENERATIONAL REAL ESTATE WEALTH LLC,TOORAK CAPITAL PARTNERS LLC,2
ELISE EATON PROPERTIES LLC,TOORAK CAPITAL PARTNERS LLC,2
SW HOLDINGS LLC,TOORAK CAPITAL PARTNERS LLC,2
TOORAK CAPITAL PARTNERS LLC(+),US BANK TRUST,2
MWA ACQUISITIONS LLC,TOORAK CAPITAL PARTNERS LLC,2
MERCHANT FUNDING LLC,TOORAK CAPITAL PARTNERS LLC,2
MALLEN PROPERTIES LLC,TOORAK CAPITAL PARTNERS LLC,2
CHAYA HOLDINGS LLC,TOORAK CAPITAL PARTNERS LLC,2
PARK PLACE FINACE LLC,TOORAK CAPITAL PARTNERS LLC,2
SILVER HOMES LLC,TOORAK CAPITAL PARTNERS LLC,2
GLOBAL INTEGRITY FINANCE LLC,TOORAK CAPITAL PARTNERS LLC,2
PLAYA SONANDO INC,TOORAK CAPITAL PARTNERS LLC,2
KBJM INVESTMENTS LLC,TOORAK CAPITAL PARTNERS LLC,2
TOORAK CAPITAL PARTNERS LLC,TX PROPERTY 7 LLC,2
TEIFKEREALESTATE LLC,TOORAK CAPITAL PARTNERS LLC(+),2
FLIPPIN BRICKS LLC,TOORAK CAPITAL PARTNERS LLC,2
HOVER HOLDINGS LLC,TOORAK CAPITAL PARTNERS LLC(+),2
PAKYAM HUDSON LLC,TOORAK CAPITAL PARTNERS LLC,2
ROBINSROMANS LLC,TOORAK CAPITAL PARTNERS LLC,2
FAITH INVESTMENTS LLC,TOORAK CAPITAL PARTNERS LLC(+),2
CENTER STREET LENDING VIII SPE LLC,TOORAK CAPITAL PARTNERS LLC,2
EXCLUSIVE HOMES & INVESTMENTS LLC,TOORAK CAPITAL PARTNERS LLC(+),2
BUILDING DYNAMICS AND DESIGN LLC,TOORAK CAPITAL PARTNERS LLC(+),2
AUSTIN ODYSSEY 2001 LLC,TOORAK CAPITAL PARTNERS LLC,2
TOORAK CAPITAL PARTNERS LLC(+),VANTASTIC VOYAGES LLC,2
ALFAR CAM LLC,TOORAK CAPITAL PARTNERS LLC(+),2
ANIMO INVESTMENTS TEXAS LLC,TOORAK CAPITAL PARTNERS LLC(+),2
DOGTOWN BUILDERS LLC,TOORAK CAPITAL PARTNERS LLC(+),2
BIG CASTLE LLC,TOORAK CAPITAL PARTNERS LLC(+),2
BIG CASTLE PROPERTIES LLC,TOORAK CAPITAL PARTNERS LLC(+),2
MARELI PROPERTIES LLC,TOORAK CAPITAL PARTNERS LLC(+),2
HAMMER HOMES LLC,TOORAK CAPITAL PARTNERS LLC,2
COASTAL COLLECTWE DEVELOPMENT LP,TOORAK CAPITAL PARTNERS LLC,2
FLATIRON REALTY CAPITAL LLC,TOORAK CAPITAL PARTNERS LLC,2
GHAP LLC,TOORAK CAPITAL PARTNERS LLC(+),2
DREAM PROPERTIES LLC,TOORAK CAPITAL PARTNERS LLC,2
PATCH OF LAND LENDING LLC,TOORAK CAPITAL PARTNERS LLC,2
COASTAL COLLECTIVE DEVELOPMENT LP,TOORAK CAPITAL PARTNERS LLC(+),2
COASTAL COLLECTIVE DEVELOPMENT LP,TOORAK CAPITAL PARTNERS LLC,2
HUERTA & SACHS HOMES LLC,TOORAK CAPITAL PARTNERS LLC(+),2
JESE REAL ESTATE LLC,TOORAK CAPITAL PARTNERS LLC(+),2
ALOHA CAPITAL LLC,TOORAK CAPITAL PARTNERS LLC,2
FIRST AMERICAN TITLE INSURANCE CO,LENDINGHOME FUNDING CORP,2
DAISY GILBERT INVESTMENTS LLC,LENDINGHOME FUNDING CORPORATION,2
LENDINGHOME FUNDING CORPORATION,ROSENBERG LLC,2
LENDINGHOME FUNDING CORPORATION,PROPEL ONE INVESTMENTS LLC,2
B1-66ER LLC,LENDINGHOME FUNDING CORPORATION(+),2
CAPRIS CRIBS LLC,LENDINGHOME FUNDING CORPORATION,2
AEL PROPERTIES LLC,LENDINGHOME FUNDING CORPORATION,2
GUANABANA BAY LLC,LENDINGHOME FUNDING CORPORATION(+),2
DA VINCI PROPTECH LLC,LENDINGHOME FUNDING CORPORATION,2
CASH HOUSE BUYERS USA LLC,LENDINGHOME FUNDING CORPORATION,2
B1-66ER LLC,LENDINGHOME FUNDING CORPORATION,2
LENDINGHOME FUNDING CORPORATION,TUSKER DEVELOPMENT LLC,2
LENDINGHOME FUNDING CORPORATION,PURCHASING FUND 2019 - 2 LLC,2
BUYING SOLUTIONS GROUP INC,LENDINGHOME FUNDING CORPORATION,2
ADAP VENTURES LLC,KIAVI FUNDING INC,2
KIAVI FUNDING INC,NRHQ LLC,2
47 FLIPS LLC,KIAVI FUNDING INC,2
200X PROPERTIES LLC,KIAVI FUNDING INC,2
KIAVI FUNDING INC,SAWTELLE CONSTRUCTION LLC,2
GALLO FINO FILMS LLC,KIAVI FUNDING INC,2
FRESH REMODELS LLC - FRESH TX 2 SERIES,KIAVI FUNDING INC,2
KIAVI FUNDING INC,MAINSTAY INVESTMENT GROUP LLC,2
KIAVI FUNDING INC,TMTJ GROUP LLC,2
IA HOMES CUSTOM CONTRACTING AND INTERIOR DESIGN LLC,KIAVI FUNDING INC,2
CLHG ENTERPRISES LLC,KIAVI FUNDING INC,2
ABBOTT INVESTMENT MANAGEMENT LLC,KIAVI FUNDING INC,2
IA HOMES LLC,KIAVI FUNDING INC,2
KIAVI FUNDING INC,LA VIDA LUX LLC,2
KIAVI FUNDING INC,ZEN24 BUSINESS GROUP LLC,2
EIGHTYPLUS PROPERTY GROUP LLC,KIAVI FUNDING INC,2
FIVE STAR INVESTMENT GROUP LLC,KIAVI FUNDING INC,2
ASTON REAL ESTATE LLC,KIAVI FUNDING INC,2
HISBROOK REAL ESTATE LLC,KIAVI FUNDING INC,2
JN VENTURES GROUP LLC,KIAVI FUNDING INC,2
KIAVI FUNDING INC,READY FRONT CONTRACTORS LLC,2
CJ HOME INVESTORS LLC,KIAVI FUNDING INC,2
KIAVI FUNDING INC,THIRTEEN ASSETS LLC,2
DEMARTINI PROPERTIES LLC,KIAVI FUNDING INC,2
EAGLE G C INC,KIAVI FUNDING INC,2
KIAVI FUNDING INC,RESTORE & REVIVE TX LLC,2
KIAVI FUNDING INC,STANDARD RE HOLDINGS LLC,2
KIAVI FUNDING INC,TEXAS CAPITOL LLC,2
22412 ROCK WREN LLC,KIAVI FUNDING INC,2
KIAVI FUNDING INC(+),RICHMOND LAMBETH LLC - SERIES 5203 BOGEY,2
BHATNAGAR PROPERTIZ LLC,KIAVI FUNDING INC(+),2
KIAVI FUNDING INC,NEWTON VIBE HOLDINGS LLC,2
KIAVI FUNDING INC,TRIDENT REAL ESTATE HOLDINGS LLC,2
KIAVI FUNDING INC,RICHMOND LAMBETH LLC,2
KIAVI FUNDING INC(+),RICHMOND LAMBETH LLC - SERIES WESTGATE TWO,2
TAYTON INVESTMENTS LLC,TUSKER CAPITAL FUND LLC(+),2
AVNA LLC,TUSKER CAPITAL FUND LLC,2
JANNETTA HOME LLC,TUSKER CAPITAL FUND LLC,2
TRIPLE 8 HOLDINGS LLC,TUSKER CAPITAL FUND LLC,2
AVA'S ELEGANT HOMES LLC,TUSKER CAPITAL FUND LLC(+),2
GENESIS CAPITAL ADVISORS LLC(+),SCOFIELD RANCH APARTMENT HOMES LP,2
GENESIS CAPITAL LLC,OGH WEST CAMPUS PARTNERS LP,2
GENESIS CAPITAL LLC,TRIDENT REAL ESTATE HOLDINGS LLC,2
GENESIS CAPITAL LLC,RCG REAL ORCHARD-MASONWOOD LLC,2
2602 HUME PLACE LLC,GENESIS CAPITAL LLC,2
GENESIS CAPITAL LLC(+),NRZ REO XVI LLC,2
GENESIS CAPITAL LLC,STP TX 10109 FM 969 LLC,2
ANH VAL BUILDERS LLC,GENESIS CAPITAL LLC,2
AVROMERIA LLC,GENESIS CAPITAL LLC,2
GENESIS CAPITAL LLC,VANTAGE HOMES LLC,2
AMNE AUSTIN REALTY LLC -SERIES F,GENESIS CAPITAL MASTER FUND II LLC,2
AMNE AUSTIN REALTY LLC-SERIES C,GENESIS CAPITAL MASTER FUND II LLC,2
AMNE AUSTIN REALTY LLC -SERIES D,GENESIS CAPITAL MASTER FUND II LLC,2
GENESIS CAPITAL PARTNERS XIV LTD(+),SCOFIELD RANCH APARTMENT HOMES LP,2
GENESIS CAPITAL PARTNERS XIV LTD,SCOFIELD RANCH APARTMENTS HOMES LP,2
BRODIE LANE APARTMENT HOMES LP,GENESIS CAPITAL PARTNERS XV LTD,2
AUSTIN ECLECTIC DEVELOPERS LLC,HOUSEMAX FUNDING FUND I LLC,2
HOUSEMAX FUNDING FUND I LLC,PRECISE PROPERTIES LLC,2
HOUSEMAX FUNDING FUND I LLC,ROMA TEXAS HOLDINGS LLC,2
2318 EUCLID LLC,HOUSEMAX FUNDING FUND I LLC,2
ENABLE CAPITAL LLC,HOUSEMAX FUNDING FUND I LLC,2
FALCON GREEN ENERGY LLC,HOUSEMAX FUNDING FUND I LLC,2
HOUSEMAX FUNDING FUND I LLC,OPEN BOOK REAL ESTATE LLC,2
BC PARTNERS LLC,HOUSEMAX FUNDING FUND I LLC,2
6020 SPRINGDALE HOLDINGS,HOUSEMAX FUNDING FUND I LLC,2
HOUSEMAX FUNDING FUND I LLC,REDWOOD BPL HOLDINGS 2 INC,2
PARK PLACE FINANCE LLC,SANDERMEYER HOUSTON HOLDING LLC,2
IWGH HOLDINGS LLC,PARK PLACE FINANCE LLC,2
NEW EDGE RENOVATION INC,PARK PLACE FINANCE LLC,2
MATCH DEVELOPMENT LLC,PARK PLACE FINANCE LLC,2
PARK PLACE FINANCE LLC,ZESTNEST INVESTMENTS LLC,2
MAMUHEWA HOLDINGS LLC,PARK PLACE FINANCE LLC,2
PARK PLACE FINANCE LLC,TEXCAL HOMES LLC,2
PARK PLACE FINANCE LLC,REVIVE ATX LLC,2
AUSTIN INFILL BUILDERS LLC,PARK PLACE FINANCE LLC,2
PARK PLACE FINANCE LLC,WALBROOK AUSTIN LLC,2
HOVER HOLDINGS LLC,PARK PLACE FINANCE LLC,2
AVVATI LLC,PARK PLACE FINANCE LLC,2
EBERT NEXT DOOR LLC,PARK PLACE FINANCE LLC,2
LEGACY AT 55TH LLC,PARK PLACE FINANCE LLC,2
PARK PLACE FINANCE LLC,TX PROPERTY 7 LLC,2
PARK PLACE FINANCE LLC,RIDGEHAVEN DRIVE LLC,2
4803 SANTA ANNA LLC,PARK PLACE FINANCE LLC,2
LITTLE ROCK BUILDERS INC,PARK PLACE FINANCE LLC,2
PARK PLACE FINANCE LLC,TX RE OPPORTUNITY 1212 LLC,2
PARK PLACE FINANCE LLC,TX RE OPPORTUNITY 1215 LLC,2
PARK PLACE FINANCE LLC,SILVER HOMES LLC,2
KENNEDY RESIDENTIAL LLC,PARK PLACE FINANCE LLC,2
PATCH OF LAND LENDING LLC(+),TOORAK REPO SELLER I TRUST,2
RCN CAPITAL LLC,TEXAS CAPITOL LLC,2
RCN CAPITAL LLC,SOLTANI SYNDICATE GROUP LLC,2
GUARDIAN RESIDENTIAL INCOME FUND I LP,RCN CAPITAL LLC,2
201710WY-01 LLC,RCN CAPITAL LLC,2
MARBEL VENTURES LLC,RCN CAPITAL LLC,2
CALCAP LENDING LLC(+),DV CAPITAL DEVELOPMENT LLC,2
ANCHOR ASSETS IV LLC,ANCHOR LOANS LP(+),2
ANCHOR LOANS LP(+),WILMINGTON SAVINGS FUND SOCIETY,2
4315 CITY PARK LLC,ANCHOR LOANS LP,2
ANCHOR LOANS LP,AVERY CONSTRUCTION LLC,2
A NEW HOPE INVESTMENTS LLC,ANCHOR LOANS LP,2
5702 TURA LLC,ANCHOR LOANS LP,2
ANCHOR LOANS LP,HL3 ALPHA LLC,2
ANCHOR LOANS LP,VALTEX II LLC,2
ANCHOR LOANS LP,ARK HOME 12 LLC,2
ANCHOR LOANS LP,ARK HOME 10 LLC,2
ANCHOR LOANS LP,ARK HOME 6 LLC,2
ANCHOR LOANS LP,ARK HOME 7 LLC,2
ANCHOR LOANS LP,ARK HOME 3 LLC,2
ANCHOR LOANS LP,DOOR DEVELOPMENT GOLD LLC,2
ANCHOR LOANS LP,WOLFE CAPITAL INVESTMENTS LLC,2
ANCHOR ASSETS XI LLC,ANCHOR LOANS LP,2
ANCHOR LOANS LP,HR SFR TX LLC,2
ANCHOR FUND LLC,ANCHOR LOANS LP,2
ANCHOR LOANS LP,CA PACIFIC HOLDINGS LLC,2
ANCHOR LOANS LP,TEXAS CAPITOL LLC,2
ANCHOR ASSETS IX HOLDCO LLC,ANCHOR LOANS LP,2
7075 TX LLC,ANCHOR LOANS LP,2
ANCHOR LOANS LP(+),SOMA CAPITAL PROPERTIES LLC,2
DOMINION FINANCIAL SERVICES LLC,EN VOGUE BUILDER LLC,2
DOMINION FINANCIAL SERVICES LLC,ENVOGUE BUILDER LLC,2
BAYES LLC,DOMINION FINANCIAL SERVICES LLC,2
GENERATIONAL REAL ESTATE WEALTH LLC,MERCHANTS FUNDING LLC,2
EXCLUSIVE HOMES AND INVESTMENTS LLC,MERCHANTS FUNDING LLC,2
ALAMO CITY FINANCIAL LLC,MERCHANTS FUNDING LLC,2
FIXIN TO BUY LLC,MERCHANTS FUNDING LLC,2
FTREI-1206 NORTH LLC,MERCHANTS FUNDING LLC,2
K2LS GROUP LLC,MERCHANTS FUNDING LLC,2
MERCHANTS FUNDING LLC(+),TOORAK REPO SELLER I TRUST LLC,2
MERCHANTS FUNDING LLC,ROCK GARDEN INVESTMENTS LLC,2
AUSTEX HOUSING SOLUTIONS LLC,MERCHANTS FUNDING LLC,2
MACDEN GP LLC,MERCHANTS FUNDING LLC,2
HQR INVESTMENTS LLC-SERIES 4503 GLADE LINE,MERCHANTS FUNDING LLC,2
AMH 2014-1 BORROWER LLC,WILMINGTON SAVINGS FUND SOCIETY,1
AMH 2014-2 BORROOWER GP LLC(+),AMH TX PROPERTIES LP,1
AMERICAN HOMES 4 RENT TRS LLC,AMH 2014-2 BORROWER GP LLC(+),1
AMERICAN HOMES 4 RENT PROPERTIES EIGHT LLC,AMH 2014-2 BORROWER GP LLC(+),1
AMH 2014-2 BORROWER LLC(+),AMH TX PROPERTIES LP,1
AMH 2014-2 BORROWER LLC,CHRISTIANA TRUST,1
AMH 2014-2 BORROWER LLC(+),WILMINGTON SAVINGS FUND SOCIETY,1
AMH 2014-2 BORROWER LP,WILMINGTON SAVINGS FUND SOCIETY,1
AMH 2014-2 BROOROWER LLC,WILMINGTON SAVINGS FUND SOCIETY,1
AMH 2015-1 BORROWER LLC,WILMINGTON SAVINDS FUND SOCIETY,1
AMH 2015-1 BORROWER LLC,GOLDMAN SACHS MORTGAGE COMPANY,1
AH4R PROPERTIES TWO LLC,AMH TX PROPERTIES LP(+),1
AMH TX PROPERTIES LP(+),BELONG AUTOMOTIVE TECHNOLOGY LLC,1
AMH TX PROPERTIES LP(+),CTX RENOVATE LLC,1
AMERICAN HOMES 4 RENT TRS LLC,AMH TX PROPERTIES LP(+),1
AMH TX PROPERTIES LP(+),NGR PROPERTIES LLC,1
AMH TX PROPERTIES LP(+),KENSINGTON PEAVY LLC,1
AMH TX PROPERTIES LP(+),QC AUSTIN REI LLC,1
AMH TX PROPERTIES LP,SPRINGBROOK OWNERS ASSOCIATION INC,1
AMH ROMAN TWO TX LLC,AMH TX PROPERTIES LP(+),1
ADDISON MASTER COMMUNITY INC,AMH ADDISON DEVELOPMENT LLC,1
GOLDMAN SACHS MORTGAGE COMPANY,PROGRESS RESIDENTIAL 2021-SFR10 TRUST(+),1
GOLDMAN SACHS MORTGAGE COMPANY,PROGRESS RESIDENTIAL 2022-SFR7 TRUST SINGLE-FAMILY RENTAL PASS-THROUGH CERTIFICATES(+),1
GOLDMAN SACHS MORTGAGE COMPANY,PROGRESS RESIDENTIAL 2023-SFR2 TRUST(+),1
COMPUTERSHARE TRUST COMPANY,SFR JV-HD 2024-1 BORROWER LLC(+),1
MORGAN STANLEY MORTGAGE CAPITAL HOLDINGS LLC,SFR JV-HD 2024-1 BORROWER LLC,1
SFR JV-HD 2024-1 BORROWER LLC,SFR JV-HD PROPERTY LLC,1
SFR JV-HD PROPERTY LLC,SFR JV-HD TL BORROWER B LLC,1
BLACKROCK REALTY ADVISORS INC(+),BRAKER STONEHOLLOW LTD,1
BLACKROCK REALTY ADVISORS INC(+),STONEHOLLOW A LTD,1
BLACKROCK REALTY ADVISORS INC(+),CH REALTY III SAN MARIN LP,1
CRP/ARGYLE GUTHRIE OWNER LP,GUTHRIE PROPERTY OWNER LP(+),1
ARVM 5 LLC,MAIN STREET RENEWAL LLC(+),1
"AH4R PROPERTIES, LLC(+)",LGI HOMES-TEXAS LLC,1
"AH4R 1 TX DFW, LLC",AH4R I TX LLC,1
AH4R-TX 11 LLC(+),"AMH TX PROPERTIES, LP",1
AH4R-TX 11 LLC,FEDERAL HOME LOAN MORTGAGE CORPORATION,1
AMERICAN HOMES 4 RENT LP,AMERICAN HOMES 4 RENT PROPERTIES TWO LLC,1
AMERICAN HOMES 4 RENT PROPERTIES TWO LLC,AMERICAN HOMES 4 RENT PROPERTIES TWO LLC,1
AMERICAN HOMES 4 RENT LP(+),TEXAS LAD'S LLC,1
AMERICAN HOMES 4 RENT LP(+),AMERICAN HOMES 4 RENT PROPERTIES TWO LLC,1
AMERICAN HOMES 4 RENT ADVISOR LLC(+),AMERICAN HOMES 4 RENT PROPERTIES TWO LLC,1
ARP 2014-1 BORROWER LLC,GERMAN AMERICAN CAPITAL CORPORATION,1
ARP 2014-I BORROWER LLC,CHRISTIANA TRUST,1
PROGRESS RESIDENTIAL BORROWER 23 LLC,SFR V TRANCHE 3 BORROWER LLC,1
P5 2021-2 BORROWER LLC,PROGRESS RESIDENTIAL BORROWER 24 LLC,1
JP MORGAN MORTGAGE ACQUISITION CORP,PRETIUM MORTGAGE ACQUISITION TRUST(+),1
PRETIUM MORTGAGE ACQUISITION TRUST(+),TORINGDON WAY LLC,1
MORTGAGE ELECTRONIC REGISTRATION SYSTEMS INC,PRETIUM MORTGAGE ACQUISITION TRUST(+),1
NRZ PASS-THROUGH TRUST IV,PRETIUM MORTGAGE ACQUISITION TRUST(+),1
NATIONSTAR MORTGAGE LLC,PRETIUM MORTGAGE ACQUISITION TRUST(+),1
DITECH FINANCIAL LLC,PRETIUM MORTGAGE ACQUISITION TRUST(+),1
PRETIUM MORTGAGE ACQUISITION TRUST(+),SPECIALIZED LOAN SERVICING LLC,1
PREMIUM MORTGAGE CREDIT PARTNERS I LOAN ACQUISITION LP,PRETIUM MORTGAGE ACQUISITION TRUST(+),1
PRETIUM MORTGAGE ACQUISITION TRUST(+),"PRETIUM MORTGAGE CREDIT PARTNERS I LOAN ACQUISITION, LP",1
PRETIUM MORTGAGE ACQUISITION TRUST(+),PRETIUM MORTGAGE CREDIT PARTNERS LOAN ACQUISITION LP,1
MORGAN STANLEY MORTGAGE CAPITAL HOLDINGS LLC,PRETIUM MORTGAGE ACQUISTION TRUST(+),1
PRETIUM MORTGAGE ACQUISTION TRUST(+),PRETIUM MORTGAGE CREDIT PARTNERS I LOAN ACQUISTION LP,1
PRETIUM MORTGAGE ACQUISTION TRUST(+),PRETIUM MORTGAGE CREDIT PARTNERS I LOAN ACQUISTIONS LP,1
CITIMORTGAGE INC,PRETIUM MORTGAGE CREDIT PARTNERS I LOAN ACQUISITION LP,1
NRZ PASS-THROUGH TRUST IV,PRETIUM MORTGAGE CREDIT PARTNERS I LOAN ACQUISITION LP,1
MTGLQ INVESTORS LP,PRETIUM MORTGAGE CREDIT PARTNERS I LOAN ACQUISITION LP,1
BAYVIEW LOAN SERVICING LLC,PRETIUM MORTGAGE CREDIT PARTNERS I LOAN ACQUISTION LP,1
JP MORGAN MORTGAGE ACQUISITION CORP,PRETIUM MORTGAGE CREDIT PARTNERS I TRS SPONSOR LLC,1
GOLDMAN SACHS MORTGAGE COMPANY,PRETIUM RESIDENTIAL CREDIT MANAGEMENT LLC(+),1
PRETIUM SMA MANAGER LLC(+),TOORAK CAPITAL PARTNERS LLC,1
NEWREZ LLC,PRETIUM TRS WAREHOUSE TRUST(+),1
GERMAN AMERICAN CAPITAL CORPORATION,SFR JV-2 2022-2 BORROWER LLC,1
SFR JV-2 2022-2 BORROWER LLC,SFR JV-2 PROPERTY LLC,1
MORGAN STANLEY MORTGAGE CAPITAL HOLDINGS LLC,SFR JV-2 2023-1 BORROWER LLC,1
SFR JV-2 2023-1 BORROWER LLC,SFR JV-2 PROPERTY LLC,1
COMPUTER SHARE TRUST COMPANY,SFR JV-2 2024-2 BORROWER LLC(+),1
NWL COMPANY LLC,SFR JV-2 2024-2 BORROWER LLC,1
SFR JV-2 2024-2 BORROWER LLC,SFR JV-2 NTL BORROWER LLC,1
SFR JV-2 ACQUISITION LLC,TC SUN CHASE HOA INC,1
SFR JV-2 DDTL BORROWER LLC,SFR JV-2 PROPERTY LLC,1
AMH TX PROPERTIES LP,SFR JV-2 EQUITY LLC(+),1
GOODWIN & COMPANY INC,SFR JV-2 PROPERTY LLC,1
HIGHLAND PARK CONDOMINIUM COMMUNITY INC,SFR JV-2 PROPERTY LLC,1
SFR JB-2 NTL BORROWER LLC,SFR JV-2 PROPERTY LLC,1
SFR JV-2 PROPERTY LLC,SFR JV-2022-1 BORROWER LLC,1
ORCHARD PROPERTY III LLC,SFR JV-2 PROPERTY LLC,1
SFR JV-2 PROPERTY LLC,SFR JV-2 PROPERTY LLC,1
"SFR JV-2 PROPERTY, LLC",ZILLOW HOMES PROPERTY TRUST,1
HP TEXAS I LLC,HPA TEXAS LENDING LLC(+),1
HPA TEXAS LENDING LLC(+),METROPOLITAN LIFE INSURANCE COMPANY,1
HPA TEXAS LENDING LLC(+),WILMINGTON SAVINGS FUND SOCIETY FSB,1
HP TEXAS LLC,HPA TEXAS LENDING LLC,1
HPA BORROWER 2015-2 ML LLC,METROPOLITAN LIFE INSURANCE COMPANY,1
HP TEXAS I LLC,HPA BORROWER 2016-1 LLC,1
HPA BORROWER 2016-2 LLC(+),HPA BORROWER 2019-2 LLC,1
HPA BORROWER 2016-2 LLC,WILMINGTON TRUST,1
HPA BORROWER 2016-2 ML LLC,METROPOLITAN LIFE INSURANCE COMPANY,1
HPA BORROWER 2016-2 ML LLC(+),METROPOLITAN LIFE INSURANCE COMPANY,1
HPA BORROWER 2017-1 LLC,WILMINGTON TRUST,1
HPA BORROWER 2017-1 ML LLC,METROPOLITAN LIFE INSURANCE COMPANY,1
HP TEXAS I LLC,HPA BORROWER 2019-2 LLC(+),1
HOME PARTNERS OF AMERICA 2016-1 TRUST(+),HP TEXAS I LLC,1
HOME PARTNERS OF AMERICA 2016-2 TRUST(+),HPA BORROWER 2019-2 LLC,1
HOME PARTNERS OF AMERICA 2016-2 TRUST(+),HP TEXAS I LLC,1
HOME PARTNERS OF AMERICA 2016-2 TRUST(+),HPA BORROWER 2016-2 LLC,1
HOME PARTNERS OF AMERICA 2016-2 TRUST SINGLE-FAMILY RENTAL PASS-THROUGH CERTIFICATES(+),HPA BORROWER 2019-2 LLC,1
HOME PARTNERS OF AMERICA 2017-1 TRUST(+),HPA BORROWER 2017-1 LLC,1
HOME PARTNERS OF AMERICA 2019-1 TRUST SINGLE-FAMILY RENTAL PASS-THROUGH CERTIFICATES(+),HPA US1 LLC,1
HOME PARTNERS OF AMERICA 2019-2 TRUST(+),HPA BORROWER 2019-2 LLC,1
HOME PARTNERS OF AMERICA 2019-2 TRUST SINGLE FAMILY RENTA PASS-THROUGH CERTIFICATES(+),HPA BORROWER 2019-2 LLC,1
HOME PARTNERS OF AMERICA 20196-1 TRUST SINGLE-FAMILY RENTAL PASS-THROUGH CERTIFICATES(+),HPA US1 LLC,1
HOME PARTNERS OF AMERICA 2020-1 TRUST(+),HPA II BORROWER 2020-1 LLC,1
HOME PARTNERS OF AMERICA 2020-1 TRUST SINGLE-FAMILY RENTAL PASS-THROUGH CERTIFICATES(+),SFR II BORROWER 2021-3 LLC,1
HOME PARTNERS OF AMERICA 2021-1(+),HPA US1 LLC,1
HOME PARTNERS OF AMERICA 2021-1 TRUST(+),HPA II BORROWER 2021-1 LLC,1
HOME PARTNERS OF AMERICA 2021-2 TRUST(+),SFR BORROWER 2021-1 LLC,1
HOME PARTNERS OF AMERICA 2021-2 TRUST SINGLE-FAMILY RENTAL PASS-THROUGH CERTIFICATES(+),SFR BORROWER 2021-2 LLC,1
HOME PARTNERS OF AMERICA 2021-3 TRUST SINGLE-FAMILY RENTAL PASS-THROUGH CERTIFICATES(+),HPA US1 LLC,1
HOME PARTNERS OF AMERICA 2021-3 TRUST SINGLE-FAMILY RENTAL PASS-THROUGH CERTIFICATES(+),MORGAN STANLEY MORTGAGE CAPITAL HOLDINGS LLC,1
HOME PARTNERS OF AMERICA 2021-3 TRUST SINGLE-FAMILY RENTAL PASS-THROUGH CERTIFICATES(+),SFR II BORROWER 2021-3 LLC,1
HOME PARTNERS OF AMERICA 2022-1 TRUST SINGLE-FAMILY RENTAL PASS-THROUGH CERTIFICATES(+),HP TEXAS I LLC,1
HOME PARTNERS OF AMERICA 2022-1 TRUST SINGLE-FAMILY RENTAL PASS-THROUGH CERTIFICATES(+),SFR BORROWER 2022-1 LLC,1
BOILER MANAGEMENT LTD,CRP/ARGYLE GUTHRIE GP LLC(+),1
AC CHERICO LLC,CRP/ARGYLE GUTHRIE OWNER LP,1
BS LIVING TRUST THE,CERBERUS DEVELOPMENT LLC(+),1
CERBERUS HOLDINGS LP,CORIAS HOMES INC,1
EPH 2 ASSETS LLC,RH PARTNERS OWNERCO LLC,1
ARVM 5 LLC,RH PARTNERS OWNERCO LLC,1
FIREBIRD SFE I LLC,RH PARTNERS OWNERCO LLC,1
LHF 4 ASSETS LLC,RH PARTNERS OWNERCO LLC,1
RH PARTNERS OWNERCO LLC,TRANS AM SFE II LLC,1
JEFF 1 LLC,"RH PARTNERS OWNERCO, LLC",1
MUPR 3 ASETS LLC,"RH PARTNERS OWNERCO, LLC",1
SRP SUB LLC,TARBERT LLC,1
REDFINNOW BORROWER LLC,VISCERIN LIMITED LIABILITY COMPANY,1
CEBERRY VENTURE LLC,REDFINNOW BORROWER LLC,1
3 DOGS RENTAL LLC,REDFINNOW BORROWER LLC(+),1
PURCHASING FUND 2020-1 LLC,REDFINNOW BORROWER LLC(+),1
AUSTIN TRUST COMPANY,REDFINNOW BORROWER LLC(+),1
POLYDACTYL HOLDINGS LLC,REDFINNOW BORROWER LLC,1
AUDREE BOHM REVOCABLE LIVING TRUST,REDFINNOW BORROWER LLC,1
CARMA PROPERTIES WESTPORT LLC(+),KIKAS IRRIGATION LLC,1
BROOKIIELD RESIDENTIAL TEXAS HOMES LLC,CARMA PROPERTIES WESTPORT LLC,1
BROOKFIELD RESIDNETIAL TEXAS HOMES LLC,CARMA PROPERTIES WESTPORT LLC,1
BROOKFIELD RESIDENTIAL TEXAS HOMES LLC A TEXARS,CARMA PROPERTIES WESTPORT LLC,1
BROOKFIELD RESIDENTIAL TEXAS HOMES LLC A TEXAS LLC,CARMA PROPERTIES WESTPORT LLC,1
KAISER PROPERTIES BLUE LLC,MOVEMENT MORTGAGE LLC,1
KAISER PROPERTIES BLUE LLC,SECURITYNATIONAL MORTGAGE COMPANY,1
EVERETT FINANCIAL INC,KAISER PROPERTIES BLUE LLC,1
DIBRUTE INVESTMENTS LLC,KAISER PROPERTIES BLUE LLC,1
HALL REAL ESTATE GROUP LLC,KAISER PROPERTIES BLUE LLC,1
ASSETS RECOVERY 25 LLC,KAISER PROPERTIES BLUE LLC,1
CIO MW LOAN 1 LLC,LNV CORPORATION,1
EQUITRUST LIFE INSURANCE COMPANY,LNV CORPORATION,1
LNV CORPORATION,OUTSOURCE SERVICES MANAGEMENT LLC,1
LNV CORPORATION,SERAFIN LEASING COMPANY LP,1
G SPARKS PROPERTIES LP,LNV CORPORATION,1
LIVE OAK BREWING COMPANY LC,LNV CORPORATION,1
ALORI PROPERTIES - 2728 RIO GRANDE LTD,LNV CORPORATION,1
LNV CORPORATION,PHC WEST CAMPUS LP,1
AMERICAN HOMES 4 RENT PROPERTIES TWO LLC,LNV CORPORATION(+),1
LNV CORPORATION,SERAFIN LEASING CO LP,1
LNV CORPORATION,SOUTHERN SHUTTERS INC,1
BEAL SERVICE CORPORATION,LNV CORPORATION,1
LNV CORPORATION,OAK CREEK REALTY FUND-II LLC,1
LNV CORPORATION,RKM ENTERPRISES INC,1
AMERIQUEST MORTGAGE COMPANY,LNV CORPORATION,1
LNV CORPORATION,PAUL JACOBS FAMILY LLC,1
ALTERNATE REAL ESTATE LLC,LNV CORPORATION,1
LNV CORPORATION,SWANEE LOFTS LP,1
HORSESHOE BAY RESORT LTD,LNV CORPORATION,1
FEDERAL DEPSOIT INSURANCE CORPORATION,LNV CORPORATION,1
FEDERAL DEPOSIT NSURANCE CORPORATION,LNV CORPORATION,1
LNV CORPORATION,VIJU LIMITED PARTNERSHIP,1
BHG INC,LNV CORPORATION,1
LNV CORPORATION,NATIONSTAR MORTGAGE LLC,1
GREEN TREE FINANCIAL SERVICING CORPORATION,LNV CORPORATION,1
BETWEEN PHC WEST CAMPUS LP,LNV CORPORATION THE BENEFICIARY,1
FRONT YARD RESIDENTIAL LP(+),RESI EO SUB LLC,1
FRONT YARD RESIDENTIAL LP(+),RESI SFR SUB LLC,1
HPA JV BORROWER 2019-1 ML LLC,METROPOLITAN LIFE INSURANCE COMPANY,1
HPA II TEXAS SUB 2021-1 LLC,HPA US1 LLC,1
HPA II TEXAS SUB 2020-1 LLC,HPA US1 LLC,1
HPA II TEXAS SUB 2020-1 ML LLC,HPA US1 LLC,1
HPA II TEXAS SUB 2020-1 GA LLC HPA II TEXAS,HPA US1 LLC,1
HPA II TEXAS SUB 2019-1 LLC,HPA US1 LLC,1
HPA US1 LLC,HPA US1 TEXAS LEDNDING LLC,1
HPA US1 TEXAS LENDING LLC,HPA US1 TEXAS LENDING LLC,1
HPA US1 TEXAS LENDING LLC,WILMINGTON TRUST,1
HP TEXAS I LLC,HPS TEXAS LENDING LLC,1
HP TEXAS I LLC(+),HPA TEXS LENDING LLC,1
HP TEXAS I LLC(+),HPA BORROWER 2016-1 LLC,1
HP TEXAS I LLC(+),WILMINGTON TRUST,1
HP TEXAS I LLC(+),WILMINGTON SAVINGS FUND SOCIETY FSB,1
HP TEXAS I LLC(+),RHPA TEXAS LENDING LLC,1
HOME PARTNERS GA 2015 LLC,HP TEXAS I LLC,1
HP TEXAS I LLC,HPA TX LLC,1
HP TEXAS LLC(+),HPA TEXAS LENDING LLC,1
BRIJ EDUCATIONAL SERVICES INC,SFR ACQUISITIONS 6 LLC,1
SFR BORROWER 2021-1 LLC,WILMINGTON TRUST,1
SFR BORROWER 2021-2 LLC,WILMINGTON TRUST,1
SFR BORROWER 2021-2 LLC(+),WILMINGTON TRUST,1
SFR BORROWER 2022-1 LLC,WILMINGTON TRUST,1
SFR BORROWER 2022-1 LLC,SFR MANAGING BORROWER LLC,1
MORGAN STANLEY MORTGAGE CAPITAL HOLDINGS,SFR II BORROWER 2021-3 LLC,1
PURCHASING FUND(+),RWA CREDIT SPV I LLC,1
PURCHASING FUND 2023-1 LLC,PURCHASING FUND(+),1
NEXERA HOLDING LLC,PURCHASING FUND,1
PURCHASING FUND(+),QUANTA FINANCE LLC,1
PULTE HOMES OF TEXAS LP,PURCHASING FUND 2019 - 2 LLC,1
PURCHASING FUND 2019 3 LLC,QUANTA FINANCE LLC,1
BRECKENRIDGE PROPERTY FUND 2016 LLC,PURCHASING FUND 2019-1 LLC,1
DFH WILDWOOD LLC,PURCHASING FUND 2019-1 LLC,1
DREES CUSTOM HOMES LP,PURCHASING FUND 2019-1 LLC,1
BGRS LLC,PURCHASING FUND 2019-1 LLC,1
PURCHASING FUND 2019-1 LLC,SMART DIGS 2908 GOVALLE AVE LLC,1
LENNAR HOMES OF TEXAS SALES AND MARKETING LTD,"PURCHASING FUND 2019-1, LLC",1
NEXERA HOLDINGS LLC,PURCHASING FUND 2019-2 LLC,1
ANCHOR ASSETS II LLC,PURCHASING FUND 2019-2 LLC,1
LIVE CINCO LLC,PURCHASING FUND 2019-2 LLC,1
LEADINGHOME FUNDING CORPORATION,PURCHASING FUND 2019-2 LLC,1
HOMEWARD INC,PURCHASING FUND 2019-2 LLC,1
10416 MARGRA LLC,PURCHASING FUND 2019-2 LLC,1
LENDINGHOTNE FUNDING COTPORATION,PURCHASING FUND 2019-2 LLC,1
PULTE HOMES OF TEXAS LP,PURCHASING FUND 2019-2 LLC,1
HOMEARD PROPERTIES LLC,PURCHASING FUND 2019-2LLC,1
PURCHASING FUND 2019-3(+),QUANTA FINANCE LLC,1
LAKSA LOVE REALTY LLC,ZILLOW HOMES LOANS LLC,1
HOME POINT FINANCIAL CORPORATION,ZILLOW HOMES PROP;ERTY TRUST,1
SECURITYNATIONAL MORTGAGE COMPANY,ZILLOW HOMES PROPERTY TRUST,1
WILLOW BEND MORTGAGE COMPANY LLC,ZILLOW HOMES PROPERTY TRUST,1
OVM FINANCIAL INC,ZILLOW HOMES PROPERTY TRUST,1
LENDSURE MORTGAGE CORP,ZILLOW HOMES PROPERTY TRUST,1
BAPTAT DAHASAHASRA TRUST THE,ZILLOW HOMES PROPERTY TRUST,1
SFR V TRANCHE 3 BORROWER LLC SFR V,ZILLOW HOMES PROPERTY TRUST,1
CALIBER HOME LOANS INC,ZILLOW HOMES PROPERTY TRUST,1
"SFR JV-2 PROPERTY, LLC",ZILLOW HOMES PROPERTY TRUST(+),1
P5 2O21-2 BORROWER LLC,ZILLOW HOMES PROPERTY TRUST,1
VICKI Y STONE TRUST,ZILLOW HOMES PROPERTY TRUST,1
PURCHASING FUND 2020-1 LLC,ZILLOW HOMES PROPERTY TRUST(+),1
GRUBER MICHAEL FRANCIS AND SARAH HARRIGAN TRUST,ZILLOW HOMES PROPERTY TRUST,1
ORCHARD PROPERTY I LLC,ORCHARD PROPERTY V LLC,1
FCI LENDER SERVICES INC,ORCHARD PROPERTY I LLC,1
ORCHARD PROPERTY I LLC,PETRICHOR DEVELOPMENT LLC,1
ORCHARD PROPERTY I LLC,TAE PROPERTIES LLC,1
10814 WILDWOOD LLC,ORCHARD PROPERTY I LLC,1
ORCHARD PROPERTY II LLC,YANWEN MANAGEMENT LLC,1
NANNIYUR FAMILY TRUST,ORCHARD PROPERTY II LLC,1
HOME OPTION CAPITAL FUND LLC,MATHESON LAW PARTNERS PLLC,1
HPA II BORROWER 2019-1 LLC,WILMINGTON TRUST,1
HPA II BORROWER 2020-1 LLC,WILMINGTON TRUST,1
HPA II BORROWER 2021-1 LLC,WILMINGTON TRUST,1
FIREBIRD SFE I LLC(+),RH PARTNERS OWNERCO LLC,1
RH PARTNERS OWNERCO LLC,TRANS AM SFE II LLC(+),1
LENDINGHOME FUNDING CORP,WOLFE CAPITAL INVESTMENTS LLC,1
INOVA INVESTMENTS INC,LENDINGHOME FUNDING CORP(+),1
LENDINGHOME FUNDING CORP(+),YOUR LOVED HOME SOLUTIONS INC,1
LENDINGHOME FUNDING CORPORATION(+),MARKET PROPERTIES LP,1
LENDINGHOME FUNDING CORPORATION(+),TP KC LLC,1
AUSSA RESIDENTIAL LLC,LENDINGHOME FUNDING CORPORATION,1
CZSR LLC,LENDINGHOME FUNDING CORPORATION,1
LENDINGHOME FUNDING CORPORATION,TP KC LLC,1
LENDINGHOME FUNDING CORPORATION,THELA HOMES LLC,1
HCRE TEXAS LLC,LENDINGHOME FUNDING CORPORATION,1
LENDINGHOME FUNDING CORPORATION,NATIONWIDE T&L HOLDINGS,1
LENDINGHOME FUNDING CORPORATION(+),MARELI PROPERTIES LLC,1
AUSSA RESIDENTIAL LLCN,LENDINGHOME FUNDING CORPORATION,1
LENDINGHOME FUNDING CORPORATION,NATIONWIDE T AND L HOLDINGS LLC,1
LENDINGHOME FUNDING CORPORATION,LOEFFLER REALTY LLC,1
LENDINGHOME FUNDING CORPORATION,TRIDENT REAL ESTATE HOLDINGS LLC,1
LENDINGHOME FUNDING CORPORATION,SCOTEX INVESTMENTS LLC,1
DENALI OPPORTUNITIES INC,LENDINGHOME FUNDING CORPORATION,1
LENDINGHOME FUNDING CORPORATION(+),MARRELI PROPERTIES LLC,1
CLHG ENTERPRISES LLC,LENDINGHOME FUNDING CORPORATION,1
LENDINGHOME FUNDING CORPORATION(+),LONESTAR CAPITAL HOLDINGS LLC,1
FRARY BROS LLC,LENDINGHOME FUNDING CORPORATION,1
LENDINGHOME FUNDING CORPORATION,LIVE CINCO LLC,1
HOMEARD PROPERTIES LLC,LENDINGHOME FUNDING CORPORATION,1
AMNE AUSTIN REALTY LLC - SERIES R,LENDINGHOME FUNDING CORPORATION,1
LENDINGHOME FUNDING CORPORATION,PUCHASING FUND 2019-2 LLC,1
70 RAINEY STREET OWNER LLC,LENDINGHOME FUNDING CORPORATION,1
LENDINGHOME FUNDING CORPORATION,PURCHASING FUNDING 2019-2 LLC,1
10416 MARGRA LLC,LENDINGHOME FUNDING CORPORATION,1
LENDINGHOME FUNDING CORPORATION,PULTE HOMES OF TEXAS LP,1
LENDING HOME FUNDING CORP,TEXAS CAPITOL LLC,1
LENDING HOME FUNDING CORPORATION,TEXAS CAPITOL LLC,1
DOWNUNDER MANAGEMENT LLC,KIAVI FUNDING,1
11701 CORUM RIDGE TRUST,KIAVI FUNDING,1
FRANK PAYS CASH LLC,KIAVI FUNDING INC,1
FAIRWAY REI LLC,KIAVI FUNDING INC,1
CIRCLE STAR NOTARY SERVICES LLC,KIAVI FUNDING INC(+),1
KIAVI FUNDING INC,MK REDEVELOPMENT LLC,1
KIAVI FUNDING INC,KTB HOLDINGS LLC,1
FRESH REMODELS LLC - FRESH TX 4 SERIES,KIAVI FUNDING INC,1
HUBBSELEVATION LLC,KIAVI FUNDING INC,1
FRESH REMODELS LLC - FRESH TX-1 SERIES,KIAVI FUNDING INC,1
KIAVI FUNDING INC(+),WOLFE CAPITAL INVESTMENTS LLC,1
KIAVI FUNDING INC,KITB HOLDINGS KKC,1
JSCORE LLC,KIAVI FUNDING INC,1
KIAVI FUNDING INC(+),LHOME MORTGAGE TRUST 2024-RTL5,1
KIAVI FUNDING INC(+),ROMAN & DUARTE HOLDINGS LLC,1
KIAVI FUNDING INC,REVISION HOMES LLC,1
KIAVI FUNDING INC,TLC CASES CONSTRUCTION LLC,1
AREIA LLC,KIAVI FUNDING INC(+),1
KIAVI FUNDING INC,NATLAUR LLC,1
KIAVI FUNDING INC,NORTH OAKS CAPITAL LLC,1
FRESH REMODELS LLC- FRESH TX 3 SERIES,KIAVI FUNDING INC,1
KIAVI FUNDING INC(+),WEST TEXAS DOMINION PROPERTIES LTD,1
KIAVI FUNDING INC(+),NATIONWIDE T & L HOLDINGS LLC,1
KIAVI FUNDING INC,MOMMA KAYS CORNER LLC,1
KIAVI FUNDING INC,TDH REALTY LLC,1
ARSENAL PROPERTY STRATEGIES LLC,KIAVI FUNDING INC(+),1
COMERCOR GROUP LLC,KIAVI FUNDING INC,1
KIAVI FUNDING INC(+),LONG RIVER PROPERTIES LLC,1
KIAVI FUNDING INC,NEWTOWN VIBE HOLDINGS LLC,1
KIAVI FUNDING INC,UP-RIGHT INVESTMENTS LLC,1
KIAVI FUNDING INC(+),LHOME MORTGAGE TRUST 2023-RTL2,1
FRESH REMODELS LLC-FRESH TX 1 SERIES,KIAVI FUNDING INC,1
HOME COLLECTIVE MANAGEMENT LLC,KIAVI FUNDING INC,1
FLOW PROPERTY GROUP LLC,KIAVI FUNDING INC,1
KIAVI FUNDING INC,LEFAM REALTY LLC,1
INSPIRATION HILLS LLC,KIAVI FUNDING INC,1
KIAVI FUNDING INC(+),LHOME MORTGAGE TRUST 2024-RTL3,1
KIAVI FUNDING INC(+),LHOME MORTGAGE TRUST 2024-RTLL,1
BRIGHTLAND HOMES LTD,KIAVI FUNDING INC,1
3RD CHANCE CHARM LLC,KIAVI FUNDING INC,1
KIAVI FUNDING INC,REAL TECH CAPITAL LLC,1
DL PHILLIPS CONSTRUCTION INC,KIAVI FUNDING INC,1
BHATNAGAR PROPERTIZ LLC,KIAVI FUNDING INC,1
KIAVI FUNDING INC(+),LHOME MORTGAGE TRUST 2022-RTL2,1
KIAVI FUNDING INC,REALTECH CAPITAL LLC,1
KIAVI FUNDING INC(+),RICHMOND LAMBETH LLC - SERIES 1302 FAIRBANKS,1
KIAVI FUNDING INC,LHOME MORTGAGE TRUST 2021-RTL3,1
KIAVI FUNDING INC(+),LHOME MORTGAGE TRUST 2022-RTL3,1
KIAVI FUNDING INC(+),WILMINGTON SAVINGS FUND SOCIETY,1
KIAVI FUNDING INC,SOLID GROUND DEVELOPMENT & VENTURE CAPITALISTS LLC,1
KIAVI FUNDING INC,MODERN REAL INVESTMENTS LLC,1
KIAVI FUNDING INC,NEWREZ LLC,1
CIRCLE STAR NOTARY SERVICES LLC,KIAVI FUNDING INC,1
CAPITAL CITY REINVEST LLC,KIAVI FUNDING INC,1
CASA MILAGROS LLC,KIAVI FUNDING INC,1
KIAVI FUNDING INC,OPEN BOOK REAL-ESTATE LLC,1
PURCHASING FUND 2023-2 LLC,TUSKER CAPITAL FUND,1
TEXAS CAPITOL LLC,TUSKER CAPITAL FUND,1
TUSKER CAPITAL FUND,TUSKER CAPITAL FUND LLC,1
AMPLIFY HOMES LLC,TUSKER CAPITAL FUND,1
DOORS DEVELOPMENT GOLD LLC,TUSKER CAPITAL FUND,1
CLUBWAY INVESTMENTS LLC,TUSKER CAPITAL FUND,1
DOORS DEVELOPMENT LLC,TUSKER CAPITAL FUND,1
D MARTIN HOMES LLC,TUSKER CAPITAL FUND,1
MARTIN-AYERS DEVELOPMENT LLC,TUSKER CAPITAL FUND,1
9402 MOUNTAIN QUAIL LLC,TUSKER CAPITAL FUND LLC,1
PURCHASING FUND 2025-4 LLC,TUSKER CAPITAL FUND LLC(+),1
TUPACK AUSTIN INVESTMENTS INC,TUSKER CAPITAL FUND LLC,1
D SAUCEDO PROPERTIES LLC,TUSKER CAPITAL FUND LLC(+),1
TUPACK AUSTIN INVESTMENTS LLC,TUSKER CAPITAL FUND LLC,1
AVAS ELEGANT HOMES LLC,TUSKER CAPITAL FUND LLC,1
ICRE VENTURES LLC,TUSKER CAPITAL FUND LLC,1
R AND R INVESTMENTS LLC,TUSKER CAPITAL FUND LLC(+),1
ICRE VENTURES LLC,TUSKER CAPITAL FUND LLC(+),1
R AND R AUSTIN INVESTMENTS LLC,TUSKER CAPITAL FUND LLC(+),1
TUSKER CAPITAL FUND LLC(+),WESNIC PROPERTIES LLC,1
TRIPLE 8 HOLDINGS LLC,TUSKER CAPITAL FUND LLC(+),1
TEXAS CAPITOL LLC,TUSKER CAPITAL FUND LLC,1
AVA'S ELEGANT HOMES LLC,TUSKER CAPITAL FUND LLC,1
AUSTIN METRO Q2 2021 LLC,TUSKER CAPITAL FUND LLC,1
ACED CONSTRUCTION LLC,TUSKER CAPITAL FUNDING LLC,1
BRODIE LANE APARTMENT HOMES LP,GENESIS CAPITAL ADVISORS LLC(+),1
GC PRIME PROPERTIES LLC,GENESIS CAPITAL LLC,1
GENESIS CAPITAL LLC,RUSTY BUICK HOLDINGS II LLC,1
GENESIS CAPITAL LLC(+),HERITAGE TITLE COMPANY,1
2709 ADDITION LLC,GENESIS CAPITAL LLC,1
GENESIS CAPITAL LLC,PHILCO PROPERTIES LLC,1
GENESIS CAPITAL LLC,THADDEUS DREW ENTEPRISES LLC,1
GENESIS CAPITAL LLC,TURK INVESTMENTS LLC,1
GENESIS CAPITAL LLC,VELASCO GROUP INC INC,1
GENESIS CAPITAL LLC,THADDEUS DREW ENTERPRISW LLC,1
2709 ADDISON LLC,GENESIS CAPITAL LLC,1
GENESIS CAPITAL LLC,WTH MANAGEMENT TRUST,1
GENESIS CAPITAL LLC(+),VERITAS FINANCIAL LLC,1
AMNE AUSTIN REALTY LLC-SERIES F,GENESIS CAPITAL MASTER FUND II LLC,1
AMNE AUSTIN REALTY LLC - SERIES D,GENESIS CAPITAL MASTER FUND II LLC,1
AMNE AUSTIN REALTY LLC - SERIES C,GENESIS CAPITAL MASTER FUND II LLC,1
GENESIS CAPITAL REAL ESTATE ADVISORS INC(+),NOHO REAL PROPERTY LLC,1
HDZ-INTERIORS LLC,HOUSEMAX FUNDING,1
CHREAR LLC,"HOUSEMAX FUNDING , LLC",1
HOUSEMAX FUNDING FUN I LLC,SCHEEL REALTY LLC,1
HOUSEMAX FUNDING FUN I LLC,NEVAR6 LLC,1
HOUSEMAX FUNDING FUND 1 LLC,PRECISE CUSTOM HOMES INC,1
HOUSEMAX FUNDING FUND 1 LLC,MCCARLEYS LLC,1
HOUSEMAX FUNDING FUND 1 LLC,TEXAS CAPITOL LLC,1
HOUSEMAX FUNDING FUND I ILC,MID CENTURY CUSTOM HOMES LLC,1
HOUSEMAX FUNDING FUND I INC,WMP HOMES LLC,1
HOUSEMAX FUNDING FUND I LLC,US MORTGAGE LOAN TRUST III,1
HOUSEMAX FUNDING FUND I LLC(+),WILMINGTON SAVINGS FUND SOCIETY,1
HEARTWOOD REG HOLDINGS LLC,HOUSEMAX FUNDING FUND I LLC,1
2006 PRATHER LLC,HOUSEMAX FUNDING FUND I LLC,1
HOLLOW CREEEK CONDOS LLC,HOUSEMAX FUNDING FUND I LLC,1
HOUSEMAX FUNDING FUND I LLC(+),TOORAK CAPITAQL PARTNERS LLC,1
HOUSEMAX FUNDING FUND I LLC,SWIC OFFICE LLC,1
HOUSEMAX FUNDING FUND I LLC,YALLA PROPERTIES LLC,1
HOUSEMAX FUNDING FUND I LLC,SOUTHERN SOJOURN PROPERTIES LLC,1
BODHI PARTNERS LLC,HOUSEMAX FUNDING FUND I LLC,1
HOUSEMAX FUNDING FUND I LLC,MODERN REMEDY HOMES LLC,1
HOUSEMAX FUNDING FUND I LLC(+),REIGO SECURITIZATION SPONSOR 2021-1 LLC,1
FOREVER YOUNG CAPITAL SERIES LLC,HOUSEMAX FUNDING FUND I LLC,1
CHREAR LLC,HOUSEMAX FUNDING FUND I LLC,1
HOUSEMAX FUNDING FUND I LLC,SCHEEL REALTY LLC,1
CFIN 2022-RTLI DEPOSITER LLC,HOUSEMAX FUNDING FUND I LLC(+),1
HOUSEMAX FUNDING FUND I LLC,WEST-FALL TRAIL LLC,1
ATX LUXURY BUILDERS LIMITED LIABILITY COMPANY,HOUSEMAX FUNDING FUND I LLC,1
1106 SOUTHWOOD LLC,HOUSEMAX FUNDING FUND I LLC,1
ATLAS REAL ESTATE LLC,HOUSEMAX FUNDING FUND I LLC,1
HOUSEMAX FUNDING FUND I LLC,URBAN OAK HOMES LLC,1
ALFAR CAM LLC,HOUSEMAX FUNDING FUND I LLC(+),1
11708 CHERRY LN LLC,HOUSEMAX FUNDING FUND I LLC,1
HOUSEMAX FUNDING FUND I LLC,PACIFIC RBLF REO LLC,1
HOUSEMAX FUNDING FUND I LLC,SONTAKEY FAMILY INVESTMENTS LLC,1
814 ELIZABETH LLC,HOUSEMAX FUNDING FUND I LLC,1
HOUSEMAX FUNDING FUND I LLC,SPACE BUILD & REMODELING LLC,1
HOUSEMAX FUNDING FUND I LLC(+),PACIFIC RBLF REO LLC,1
HOUSEMAX FUNDING FUND I LLC,PASSAGE MARKETING LLC,1
406 REDBUD LLC,HOUSEMAX FUNDING FUND I LLC,1
17004 HURST VIEW LLC,HOUSEMAX FUNDING FUND I LLC,1
HOUSEMAX FUNDING FUND I LLC(+),TOLESOAZ CORP,1
HOUSEMAX FUNDING FUND I LLC,TAERT14 LLC,1
ATX LUXURY BUILDERS LLC,HOUSEMAX FUNDING FUND I LLC(+),1
AA OPERATIONS LLC,HOUSEMAX FUNDING FUND I LLC,1
HOUSEMAX FUNDING FUND I LLC,REIGO SECURITIZATION SPONSOR 2021-1 LLC,1
BG ENDEAVORS LLC,HOUSEMAX FUNDING FUND I LLC,1
HOUSEMAX FUNDING FUND I LLC,IMPERIO PROPERTIES LLC,1
ACI FUND 2,HOUSEMAX FUNDING FUND I LLC,1
1162 HOLMES LLC,HOUSEMAX FUNDING FUND I LLC,1
HOUSEMAX FUNDING FUND I LLC,SOUTHERN LEGACY OF TEXAS LLC,1
HOUSEMAX FUNDING FUND I LLC,JAMR PROPERTIES LLC,1
HOUSEMAX FUNDING FUND I LLC,PANDA INVESTMENT FIRM LLC,1
HOUSEMAX FUNDING FUND I LLC,LAKE HAUSTIN PROPERTIES LLC,1
HOUSEMAX FUNDING FUND I LLC,INWOOD FOREST LLC,1
DANLIVO PROPERTIES INC,HOUSEMAX FUNDING FUND I LLC,1
HOUSEMAX FUNDING FUND I LLC,IDAN FLIPS LLC,1
HOUSEMAX FUNDING FUND I LLC,PANDA HOMES BUILDER LLC,1
FLIP 6617 OLT LLC,HOUSEMAX FUNDING FUND I LLC,1
HOUSEMAX FUNDING FUND I LLC,NEW PATH SOLUTIONS LLC,1
CASH HOME INVESTORS LLC,HOUSEMAX FUNDING FUND I LLC,1
ELATION ENTERPRISES LLC,HOUSEMAX FUNDING FUND I LLC,1
HOUSEMAX FUNDING FUND I LLC,TXLANDBUYER LIMITED LIABILITY COMPANY,1
ALFAR CAM LLC,HOUSEMAX FUNDING FUND I LLC,1
1106 ALGARITA HOLDINGS,HOUSEMAX FUNDING FUND I LLC,1
8801 TEXAS SUN LLC,HOUSEMAX FUNDING FUND I LLC,1
A BAERS DEN LLC,HOUSEMAX FUNDING FUND I LLC,1
4902 TAHOE TRAIL LLC,HOUSEMAX FUNDING FUND I LLC,1
DFH COVENTRY LLC,HOUSEMAX FUNDING FUND I LLC,1
HOUSEMAX FUNDING FUND I LLC,RLC HOME INVESTMENTS LLC,1
DROCNOC9 LLC,HOUSEMAX FUNDING FUND I LLC,1
HOUSEMAX FUNDING FUND I LLC,REAL EQUITY TX LLC,1
HOUSEMAX FUNDING FUND I LLC,MIDCENTURY CUSTOM HOMES LLC,1
EVORGKOA10 LLC,HOUSEMAX FUNDING FUND I LLC,1
HOUSEMAX FUNDING FUND I LLC,SALUDA GRADE ALTERNATIVE MORTGAGE TRUST 2021-RTL1,1
HOUSEMAX FUNDING FUND I LLC,MARELI PROPERTIES LLC,1
HOUSEMAX FUNDING FUND I LLC,REDWOOD BPL HOLDINGS 2 LLC,1
HOUSEMAX FUNDING FUND I LLC,RUBY ANNE DESIGNS LLC,1
HOUSEMAX FUNDING FUND I LLC,INGWOOD FOREST LLC,1
H W WALLACE JR. TESTAMENTARY TRUST,HOUSEMAX FUNDING FUND I LLC,1
5505 MANAGEMENT GROUP LLC,HOUSEMAX FUNDING FUND I LLC,1
HOUSEMAX FUNDING FUND I LLC,MARKET PROPERTIES LP,1
ANT IMPROVEMENTS LLC,HOUSEMAX FUNDING FUND I LLC(+),1
PARK PLACE FINANCE INC,PARK PLACE FINANCE INC(+),1
FIFTH AUSTIN HOLDING LLC,PARK PLACE FINANCE LLC,1
PARK PLACE FINANCE LLC,VHM PROPERTY HOLDINGS LLC,1
PARK PLACE FINANCE LLC,STACK & STANDARD LLC,1
4605 AVE F LLC,PARK PLACE FINANCE LLC,1
HECHO EN 58 LLC,PARK PLACE FINANCE LLC,1
OVERLOOK DR LLC,PARK PLACE FINANCE LLC,1
PARK PLACE FINANCE LLC(+),ROCKET MORTGAGE LLC,1
PARK PLACE FINANCE LLC(+),TOURAK CAPITAL PARTNERS LLC,1
PARK PLACE FINANCE LLC,TKC PRIME DEVELOPMENTS LLC,1
PARK PLACE FINANCE LLC,PR 6605 ARGENTIA LLC,1
NATIONSTAR MORTGAGE LLC,PARK PLACE FINANCE LLC(+),1
PARK PLACE FINANCE LLC,STACKS & STANDARD LLC,1
PARK PLACE FINANCE LLC,RESOLUTE HEMPHILL OAKS LLC,1
PARK PLACE FINANCE LLC,WJM CONSTRUCTION LLC,1
BAT CITY FINANCIAL LLC,PARK PLACE FINANCE LLC,1
CHEUNG PROPERTIES LLC,PARK PLACE FINANCE LLC(+),1
90 RAINEY SIREET LLC,PARK PLACE FINANCE LLC,1
7 GENERATION REAL ESTATE LLC- 6500 STARSTREAK DRIVE SERIES,PARK PLACE FINANCE LLC,1
GENERATION REAL ESTATE LLC,PARK PLACE FINANCE LLC,1
PARK PLACE FINANCE LLC,RIDGEHA VEN DRIVE LLC,1
PARK PLACE FINANCE LLC(+),TOORAK CAPITAL PARTNERS LLC,1
LLIP LLC,PARK PLACE FINANCE LLC,1
CENTRETEX LEASING & MANAGEMENT LLC,PARK PLACE FINANCE LLC(+),1
PARK PLACE FINANCE LLC,TOVA PROPERTIES LLC,1
PARK PLACE FINANCE LLC,REALTECH CAPITAL LLC,1
FORETHOUGHT LIFE INSURANCE COMPANY,PARK PLACE FINANCE LLC(+),1
GUARANTY BANK & TRUST,PARK PLACE FINANCE LLC,1
PARK PLACE FINANCE LLC,TWO AUSTIN ORIGINALS LLC,1
PARK PLACE FINANCE LLC(+),TWO AUSTIN ORIGINALS LLC,1
PARK PLACE FINANCE LLC,STUBBS RESIDENTAL LLC,1
PARK PLACE FINANCE LLC,SUTBBS RESIDENTIAL LLC,1
PARK PLACE FINANCE LLC,STUBBS RESIDENTIAL LLC,1
6106 GLEN MEADOW LLC,PARK PLACE FINANCE LLC,1
6106 GLEN MEADOW LLC,PARK PLACE FINANCE LLC(+),1
ACME FLIP REAL ESTATE LLC,PARK PLACE FINANCE LLC,1
EF MORTGAGE LLC,PARK PLACE FINANCE LLC,1
NALLE CUSTOM HOMES INC,PARK PLACE FINANCE LLC,1
LUANCO HOLDINGS LLC,PARK PLACE FINANCE LLC,1
INKA PROPERTIES LLC,PARK PLACE FINANCE LLC,1
PARK PLACE FINANCE LLC(+),WILDCANYON GOLF ESTATES OWNER LLC,1
MPPN LLC,PARK PLACE FINANCE LLC,1
6605 ARGENTIA LLC,PARK PLACE FINANCE LLC,1
BLUE ANCHOR INVESTMENTS LLC,PARK PLACE FINANCE LLC,1
PARK PLACE FINANCE LLC,TX RE OPPORTUNITY 0923 LLC,1
PARK PLACE FINANCE LLC,REYCAM RENOVATIONS INC,1
PARK PLACE FINANCE LLC,TEXAS CAPITOL LLC,1
NEW HORIZON REAL ESTATE DEVELOPMENT SERVICES LLC,PARK PLACE FINANCE LLC,1
ABCS REI LLC P TEXAS,PARK PLACE FINANCE LLC,1
ABCS REI LLC,PARK PLACE FINANCE LLC,1
1SHARPE OPPORTUNITY INTERMEDIATE TRUST,PARK PLACE FINANCE LLC,1
PALAZZA ALTO ESTATES LLC,PARK PLACE FINANCE LLC,1
PATCH OF LAND LENDING LLC(+),TOORAK CAPITAL PARTNERS LLC,1
PATCH OF LAND LENDING LLC,PATCH OF LAND LLC #201500001,1
PATCH OF LAND LENDING LLC,TEXAS PREMIUM PROPERTIES LLC,1
PATCH OF LAND LENDING LLC(+),TOORAK REPO SELLER 1 TRUST,1
IBG LLC,PATCH OF LAND LENDING LLC,1
FLATS ON SOUTH CONGRESS LLC,PATCH OF LAND LENDING LLC,1
KARUK INVESTMENTS CORPORATION,PATCH OF LAND LENDING LLC,1
HASHIM PROPERTIES LLC,PATCH OF LAND LENDING LLC,1
BRIGHTHOUSE LIFE INSURANCE COMPANY,RCN CAPITAL LLC(+),1
BRIDGE OVER TROUBLED WATER LLC,RCN CAPITAL LLC,1
NEW DOOR VENTURES LLC,RCN CAPITAL LLC,1
JRCS FAMILY LIMITED PARTNERSHIP,RCN CAPITAL LLC,1
CAMERON VILLAS LLC,RCN CAPITAL LLC,1
RCN CAPITAL LLC(+),TOORAK CAPITAL PARTNERS LLC,1
DEAM PROPERTIES LLC,RCN CAPITAL LLC,1
DFH WILDWOOD LLC,RCN CAPITAL LLC,1
CALCAP LENDING LLC(+),LYDIA CAPITAL AVENUE 6523 LLC,1
4908 LOTT HOLDINGS LLC,ANCHOR LOANS LP(+),1
ANCHOR LOANS LP,CHESSHER AVERY LLC,1
ANCHOR LOANS LP,GRAND MOJAVE 25 LLC,1
ANCHOR LOANS LP(+),ARK HOME 5 LLC,1
ANCHOR LOANS LP,ANCHOR MORTGAGE TRUST 2024-RTL1,1
A NEW HOPE INVESTMENTS LLC,ANCHOR LOANS LP(+),1
ANCHOR LOANS LP(+),ANCHOR MORTGAGE TRUST 2024-RTLI,1
ANCHOR LOANS LP,TROILO DEVELOPMENTS II LLC,1
ANCHOR LOANS LP,TROILO DEVELOPMENTS LLC,1
1621 GARDEN ST LLC,ANCHOR LOANS LP,1
4415 GILLIS DEL SUR LLC,ANCHOR LOANS LP,1
4413 GILLS DEL SUR LLC,ANCHOR LOANS LP,1
ANCHOR LOANS LP,OLA INVESTMENT HOMES LLC,1
ANCHOR LOANS LP,LM CAPITAL INVESTMENT LLC,1
5702 TURA LLC,ANCHOR LOANS LP(+),1
ANCHOR LOANS LP,HUBBSELEVATION LLC,1
ANCHOR LOANS LP,SOLID GROUND DEVELOPMENT & VENTURE CAPITALISTS LLC,1
ANCHOR LOANS LP(+),YJY AUSTIN INVESTMENTS LLC,1
ANCHOR LOANS LP(+),DROX VENTURES LLC,1
ANCHOR LOANS LP(+),PARK FUNDING I TRUST,1
ANCHOR LOANS LP(+),ARK HOME 12 LLC,1
ANCHOR LOANS LP,NOVO COMECO LLC,1
ANCHOR LOANS LP(+),ARK HOME 9 LLC,1
ANCHOR LOANS LP(+),ARK HOME 2 LLC,1
ANCHOR LOANS LP,PT ASSET MANAGEMENT LLC,1
ANCHOR LOANS LP,ARK HOME 13 LLC,1
ANCHOR LOANS LP,ARK HOMES 13 LLC,1
2411 E 9TH LLC,ANCHOR LOANS LP,1
ANCHOR LOANS LP,US BANK TRUST,1
ANCHOR LOANS LP,D'ETAT DEVELOPMENT LLC,1
ANCHOR LOANS LP,SECURITY STATE BANK & TRUST,1
ANCHOR LOANS LP,YJY AUSTIN INVESTMENTS LLC,1
ANCHOR LOANS LP,DROX VENTURES LLC,1
ANCHOR LOANS LP(+),DOORS DEVELOPMENT GOLD LLC,1
ANCHOR LOANS LP,ARK HOME 4 LLC,1
ANCHOR LOANS LP,ARK HOME 1 LLC,1
ANCHOR LOANS LP,ARK HOME I LLC,1
ANCHOR LOANS LP,ARK HOME 2 LLC,1
ANCHOR LOANS LP,TX FAMILY HOMES LLC,1
ANCHOR LOANS LP,M&M CLARK PROPERTIES LLC,1
ANCHOR LOANS LP,TP KC LLC,1
ANCHOR ASSETS II LP,ANCHOR LOANS LP,1
ANCHOR ASSETS V LLC,ANCHOR LOANS LP,1
ANCHOR LOANS LP,TITANIUM INVESTMENTS LLC,1
ANCHOR LOANS LP,SOMA CAPITAL PROPERTIES LLC,1
DOMINION FINANCIAL SERVICES LLC(+),XYTECH INVESTMENTS LLC,1
DOMINION FINANCIAL SERVICES LLC,MCCUTCHAN MANAGEMENT LLC,1
1711 ENFIELD LLC,DOMINION FINANCIAL SERVICES LLC,1
DOMINION FINANCIAL SERVICES LLC(+),EVERLASTING PROPERTIES LLC,1
3424 CLARKSBURG DRIVE LLC,DOMINION FINANCIAL SERVICES LLC,1
COLCAP HOLDINGS LLC,DOMINION FINANCIAL SERVICES LLC,1
DOMINION FINANCIAL SERVICES LLC,NUHORIZON REMODELING INC,1
DOMINION FINANCIAL SERVICES LLC,SUN WEST MORTGAGE COMPANY INC,1
DOMINION FINANCIAL SERVICES LLC,REVIVE ATX LLC,1
DOMINION FINANCIAL SERVICES LLC,SANTEK TRADING LLC,1
DOMINION FINANCIAL SERVICES LLC(+),J P MORGAN MORTGAGE TRUST,1
DOMINION FINANCIAL SERVICES LLC,XYTECH INVESTMENTS LLC,1
COMMUNITY LOAN SERVICING LLC,DOMINION FINANCIAL SERVICES LLC,1
10000 QUAIL HUTCH LLC,DOMINION FINANCIAL SERVICES LLC,1
DOMINION FINANCIAL SERVICES LLC,HAC HILL COUNTRY PROPERTY I LLC,1
DOMINION FINANCIAL SERVICES LLC,JAINSONS INVESTMENTS LLC,1
DOMINION FINANCIAL SERVICES LLC,LIVE OAK SPRINGS LLC,1
DOMINION FINANCIAL SERVICES LLC,SPUR INTEREST LTD,1
DOMINION FINANCIAL SERVICES LLC,SPURS INTERESTS LTD,1
DIMINION FINANCIAL SERVICES 4 LLC,DOMINION FINANCIAL SERVICES LLC,1
MERCHANTS FUNDING LLC,W BUILDERS LLC,1
EXCHANGE TITLEHOLDER LLC SERIES PARRIS 2025,MERCHANTS FUNDING LLC,1
MERCHANTS FUNDING LLC,SSMB PROPERTIES LLC,1
HILL COUNTRY HOME AND DESIGN LLC,MERCHANTS FUNDING LLC,1
ARC REACTOR HOLDINGS MARK I LLC,MERCHANTS FUNDING LLC,1
CREATORS IV LLC,MERCHANTS FUNDING LLC,1
HOUSEVANTAGE GROUP LLC,MERCHANTS FUNDING LLC,1
MERCHANTS FUNDING LLC,TRIDENT REAL ESTATE HOLDINGS LLC,1
MERCHANTS FUNDING LLC,SUNRISE RENTAL HOMES LLC,1
EXCLUSIVE HOMES AND INVESTMENTS LLC,MERCHANTS FUNDING LLC(+),1
MERCHANTS FUNDING LLC,NORMANDY CAPITAL TRUST,1
HOUSEMAX REALTY LLC,MERCHANTS FUNDING LLC,1
HQR INVESTMENTS LLC-SERES 11815 LOCHRIDGE,MERCHANTS FUNDING LLC,1
MERCHANTS FUNDING LLC,TOOPAK REPO SELLER I TRUST LLC,1
MERCHANTS FUNDING LLC,PHILLIP LOADHOLT LLC,1
MARILYN BABOCK REVOCABLE TRUST,MERCHANTS FUNDING LLC,1
MERCHANTS FUNDING LLC,VAN-CROW PROPERTIES LLC,1
MERCHANTS FUNDING LLC,RIGHT OPPORTUNITY 3 LLC,1
GRAYSON OUTFITTERS LLC,HOMEWARD PROPERTIES LLC,1
HOMEWARD PROPERTIES LLC,QUANTA FINANCE LLC,1
